title,time,link,关键词,二级类别（女性气质）,一级类别（女性形象）,国家（地区）,备注（新想法写这里）,备注（新想法写这里）
甜美清透日常妆容，干净底妆搭配百搭的眼妆 和唇色真心好看,2018/1/4,https://www.bilibili.com/video/BV1jW411B74C/,甜美、清透,可爱,少女,,,
【Ha Neul】日常纯净无妆感妆容,2018/1/5,https://www.bilibili.com/video/BV16W411B7dY/,无妆感,自然,其他,,,
【lamuqe】干净清爽妆容+扩大双眼小教学,2018/1/13,https://www.bilibili.com/video/BV1VW411q7yc/,清爽,清纯,少女,,,
【Kea】初投稿！日常氧气玫瑰系妆容分享,2018/1/27,https://www.bilibili.com/video/BV16W411e7VP/,氧气,清纯,少女,,,
手把手教你如何化日常清新妆容，适合新手。,2018/2/2,https://www.bilibili.com/video/BV1eW411H7LZ/,清新,清纯,少女,,,
日常中性风妆容分享～,2018/2/11,https://www.bilibili.com/video/BV1gW411E7Ro/,中性风,中性,其他,,,
【易烫】少见的古典清丽日常淡妆 灵感来自于刘亦菲中国风妆容~,2018/2/28,https://www.bilibili.com/video/BV1FW411t786/,古典、清丽、刘亦菲、中国风,清纯,少女,中国,,
韩国女生约会都这样化妆，冬季清纯干净妆容教程,2018/3/1,https://www.bilibili.com/video/BV16W411s72U/,清纯,清纯,少女,韩国,,
【妆容分享】 厌世妆 | 一颗丧丧的橘子,2018/3/3,https://www.bilibili.com/video/BV1VW411x7eh/,厌世,叛逆,其他,,,
♡ 佐藤NOA x WHOMEE 清透湿润感MAX的妆容分享 ♡,2018/3/4,https://www.bilibili.com/video/BV1qW411x7Mi/,清透湿润感,清纯,少女,,,
胖根| “元气返校妆” 第一次穿我的校服给大家拍视频！干净奶萌系，希望大家喜欢！,2018/3/7,https://www.bilibili.com/video/BV17W411W7uk/,元气,可爱,少女,,,
偏欧美的红棕色系温柔妆容分享,2018/3/12,https://www.bilibili.com/video/BV1hW411s7p1/,温柔,温柔,少女,欧美,,
适合毛衣针织衫，冬季清纯干净日常妆容教程。,2018/3/14,https://www.bilibili.com/video/BV1jW411p7Kg/,清纯,清纯,少女,,,
Ches 干净清爽粉珊瑚妆容教程，清纯猫眼眼妆满分。,2018/3/14,https://www.bilibili.com/video/BV1LW411p77P/,清纯,清纯,少女,,,
开学上班“伪”素颜 入门级自然妆容分享 适合学生党 时间宝贵的上班族 | 33,2018/3/21,https://www.bilibili.com/video/BV1GW411g7EG/,伪素颜、自然,自然,其他,,,
♡ Ayano 日本人气彩妆 CHICCA 产品 成熟大人感妆容分享 ♡,2018/3/29,https://www.bilibili.com/video/BV1gW411u73V/,成熟、大人感,成熟,姐,日本,,
【馒头搬运】干净的玻璃皮肤妆容,2018/4/2,https://www.bilibili.com/video/BV1VW411T7d9/,玻璃,清纯,少女,,,
【Drasson】春夏日系粉嫩樱桃妆容分享,2018/4/3,https://www.bilibili.com/video/BV1YW411T7LK/,日系、粉嫩,可爱,少女,日本,,
【栗子】跟我一起化妆！边聊边画+冷淡系妆容分享,2018/4/9,https://www.bilibili.com/video/BV1pW411K7WU/,冷淡系,高冷,姐,,,
【老吓】少女系春日樱花妆♥全脸开架超平价妆容分享*♥,2018/4/14,https://www.bilibili.com/video/BV15W411L71f/,少女,少女,少女,,,
【67】|我的日常妆容分享 清淡的夏日约会妆容|平价爱用彩妆分享,2018/4/21,https://www.bilibili.com/video/BV1bW41157SV/,清淡,自然,其他,,,
【HYULARI】光泽通透感妆容+护肤分享,2018/4/24,https://www.bilibili.com/video/BV13W411L7xn/,通透感,清纯,少女,,,
GRWM近期日常妆！水当当的春天清透妆容分享！适合学生党/通勤,2018/4/28,https://www.bilibili.com/video/BV1KW411V7rg/,清透,清纯,少女,,,
欧美版厌世妆容教程 【Alina】,2018/5/9,https://www.bilibili.com/video/BV12p411f7cd/,厌世,叛逆,其他,欧美,,
大佬甜er |毕业照！证件照！都适用的干净清爽妆容～,2018/5/17,https://www.bilibili.com/video/BV12p411Z7NA/,清爽,清纯,少女,,,
【初投稿】日常元气混血感少女妆容分享,2018/5/18,https://www.bilibili.com/video/BV1Zp411Z7kJ/,元气,可爱,少女,,,
【KindaCool】我的“KINDA”醇和柔和风格妆容/穿搭,2018/5/25,https://www.bilibili.com/video/BV1Yp411R7Wd/,醇和柔和,温柔,少女,,,
GRWM | 我的IG歐美小性感妝容分享～閒聊＋化妝｜Jessica Lin,2018/5/26,https://www.bilibili.com/video/BV14p411R7h3/,歐美、小性感,性感,姐,欧美,,
"【Mish】GRWM洛丽塔风格妆容&穿搭 | Nymphet Transformation.2 / make up, hair, outfit",2018/6/1,https://www.bilibili.com/video/BV1XW411P76v/,洛丽塔,纯欲,少女,欧美,,
instagram风清新温柔妆容,2018/6/9,https://www.bilibili.com/video/BV1uW411P7su/,清新温柔,清纯,少女,,,
"【itslikelymakeup】土色系酷女孩 妆容分享 | easy,warm,everyday grunge look makeup tutorial",2018/6/15,https://www.bilibili.com/video/BV1iW411F7T5/,酷,成熟,姐,,,
♡请收下这份少女心♡ 爱心腮红妆容 【Alina】,2018/6/16,https://www.bilibili.com/video/BV1wW411c74a/,少女心,可爱,少女,,,
[一味] ins厌世风 高级感杂志妆容,2018/6/18,https://www.bilibili.com/video/BV1kW411c7XL/,厌世风、高级感,叛逆,其他,,,
内双/单眼皮一眼万年可怜兮兮的初恋妆,2018/6/30,https://www.bilibili.com/video/BV1Ys411575V/,可怜兮兮、初恋妆,清纯,少女,,,
【Soyoon】干净自然妆容,2018/7/1,https://www.bilibili.com/video/BV14s411G7qN/,自然,自然,其他,,,
温柔上镜的日杂妆容分享,2018/7/14,https://www.bilibili.com/video/BV1rs411J7bk/,温柔、日杂,温柔,少女,日本,,
【KIMDAX】干净通透自然感妆容,2018/7/19,https://www.bilibili.com/video/BV1Zs411E7dn/,通透、自然感,清纯,少女,,,
内双肉脸的干净清透妆容分享/一个超简单我平时出门会化的,2018/7/28,https://www.bilibili.com/video/BV1is411A7sX/,清透,清纯,少女,,,
kiak | 干净清透妆容小技巧 | 做个清爽女孩~,2018/7/30,https://www.bilibili.com/video/BV1Cs411c79Z/,清透,清纯,少女,,,
【可甜可盐ins风妆容分享】可甜可盐橘里橘气ins风妆容！ 韩国小姐姐都很爱的,2018/7/30,https://www.bilibili.com/video/BV1Xs411c7ha/,可甜可盐,甜酷,其他,韩国,,
【泰国美妆】氧气美女的雀斑妆容分享 | Bew Varaporn,2018/8/6,https://www.bilibili.com/video/BV1us411g73s/,氧气,清纯,少女,泰国,,
前田希美★用KATE化妆品打造成熟大人风格妆容,2018/8/8,https://www.bilibili.com/video/BV1Qs411g7Hf/,成熟、大人风,成熟,姐,,,
肥曈 | 橘色土色酷女孩妆容 我脾气真的很大,2018/8/11,https://www.bilibili.com/video/BV1Js411u74Y/,酷,成熟,姐,,,
【PONY】诱人粉色妆容,2018/8/18,https://www.bilibili.com/video/BV11W411X7w6/,诱人粉色,纯欲,少女,,,
【echo】GRWM| 女爱豆洋娃娃妆容/就算烂脸也要美美滴化个妆啊！日间护肤&,2018/8/20,https://www.bilibili.com/video/BV1mW41197NZ/,洋娃娃,精致,其他,,,
你是魔鬼吗??? 病娇红色妆容分享,2018/8/23,https://www.bilibili.com/video/BV1GW411X7jF/,病娇,叛逆,其他,,,
【妆容分享】 早秋日杂妆 | 可爱系,2018/8/28,https://www.bilibili.com/video/BV1Ds411F7fP/,可爱,可爱,少女,日本,,
【youjin】在奶奶家的简单化妆教程/超喜欢这种干净自然的,2018/8/29,https://www.bilibili.com/video/BV1Vs411c7Rz/,自然,自然,其他,,,
莫兰迪色系妆容 | 《延禧攻略》妆容风格 | 高级感灰色系妆分享,2018/9/1,https://www.bilibili.com/video/BV19W411f7LQ/,高级感,高贵,姐,中国,,
【JUNGSAEMMOOL】干净清透的气垫粉饼妆容分享|韩系美妆|,2018/9/7,https://www.bilibili.com/video/BV1sW411d7k5/,清透,清纯,少女,韩国,,
可盐可甜的小姐姐妆|| 初秋哑光妆容分享,2018/9/15,https://www.bilibili.com/video/BV1AW411k7Qt/,可盐可甜,甜酷,其他,,,
〖 恰 〗洛杉矶冷酷女孩妆容分享│L.A.Girl,2018/9/16,https://www.bilibili.com/video/BV1gW411k77W/,洛杉矶、冷酷,高冷,姐,欧美,,
轻盈感温柔通勤妆 | 妆容分享,2018/9/21,https://www.bilibili.com/video/BV1HW411r7dy/,温柔,温柔,少女,,,
【RUIBEEE】性感美黑妆容分享,2018/9/27,https://www.bilibili.com/video/BV1ZW411U74k/,性感,性感,姐,,,
【HOLD LIVE官方】初秋日常温柔粉嫩温柔系妆容~干净自然,2018/9/29,https://www.bilibili.com/video/BV1tW411S76E/,温柔、粉嫩、自然,可爱,少女,,,
高中生清纯伪素颜妆 返校日常妆 |超简单入门级妆容分享,2018/10/3,https://www.bilibili.com/video/BV1WW411U73Q/,清纯、伪素颜,清纯,少女,,,
【YOONGREEN】清爽干净红唇妆容,2018/10/3,https://www.bilibili.com/video/BV1XW41117WF/,清爽,清纯,少女,,,
阿黄 | 自然干净清爽妆/雾面妆容/秋季温暖妆容/无滤镜/南方干皮/黑眼圈遮瑕/阿玛尼粉底液/温柔秋季,2018/10/9,https://www.bilibili.com/video/BV1uW41117ot/,清爽、温柔、自然,清纯,少女,,,
【方恰拉】辛芷蕾秋冬同款妆容|适合秋冬的气场妆容,2018/10/9,https://www.bilibili.com/video/BV1fW411y7JZ/,气场、辛芷蕾,自信,姐,中国,,
韩式专业化妆_金泰熙典雅清新干净妆容,2018/10/13,https://www.bilibili.com/video/BV1Hb411F7wd/,金泰熙、典雅、清新,优雅,姐,韩国,,
【鱼干】精致冷感欧美妆|成熟的秋冬风格妆容,2018/10/13,https://www.bilibili.com/video/BV1Gb411F7HY/,冷感、欧美妆、成熟,成熟,姐,欧美,,
日剧清新自然少女妆容分享||学生党日常||日系少女,2018/10/14,https://www.bilibili.com/video/BV15t411Z7Ex/,清新、自然、少女、日系,清纯,少女,日本,,
范范 | 生人勿近！冷酷无情距离感max妆容分享：大概是保持单身的法宝,2018/10/18,https://www.bilibili.com/video/BV1Kt411Z7pZ/,冷酷、无情、距离感,高冷,姐,,,
【棺】Sick rose/病系（被暴揍）眼下腮红妆/梅子色妆容教程/均价一百以下的,2018/10/20,https://www.bilibili.com/video/BV1zt411d7DT/,病系,叛逆,其他,,,
粉嫩日系软妹风格妆容,2018/10/21,https://www.bilibili.com/video/BV1St411o7CU/,粉嫩、日系、软妹,可爱,少女,日本,,
【圆子】要来打针嘛~血的味道很甜哦~~万圣节恐怖病娇护士来啦！,2018/10/25,https://www.bilibili.com/video/BV1Et411d7pz/,病娇,叛逆,其他,,,
全脸平价彩妆？！ 打造冷艳高贵 心机女孩必备妆容,2018/10/26,https://www.bilibili.com/video/BV1yb411P7Gq/,冷艳、高贵,高贵,姐,,,
【Amber-】冬日干净温暖高级感妆容*学生日常,2018/10/27,https://www.bilibili.com/video/BV1Vb411N7KC/,光泽感、通透,清纯,少女,,,
♥日杂清淡浅茶妆容分享♥淡雅的茶系女孩妆容~,2018/10/30,https://www.bilibili.com/video/BV1vb411A76g/,日杂、清淡、淡雅,优雅,姐,日本,,
良潇｜初秋温柔感妆容金咖色眼妆分享｜老阿姨变温柔小姐姐,2018/11/5,https://www.bilibili.com/video/BV1Gb411A7Nb/,温柔,温柔,少女,,,
【娃改】怪物高中改酷酷风格妆容~【搬运 1080p】,2018/11/12,https://www.bilibili.com/video/BV1Xb411c7H2/,酷酷,成熟,姐,,,
【点】日系简单新手妆容分享|日系假毛|换张撩汉脸|日常妆容|非妆教向,2018/11/16,https://www.bilibili.com/video/BV1Vt411m7p8/,撩汉脸、日系,纯欲,少女,日本,,
【青豆】小松菜奈仿妆！厌世妆！三分钟GET厌世颜！,2018/11/21,https://www.bilibili.com/video/BV1Bt411C7Dw/,小松菜奈、厌世,叛逆,其他,日本,,
没有初恋脸也可以拥有的冬季清纯初恋妆 | ins风爱心形状的腮红分享 | 一个十几分钟干货满满的日常妆,2018/12/2,https://www.bilibili.com/video/BV1St411X7sh/,清纯初恋,清纯,少女,,,
【INGHWA】干净自然妆容,2018/12/4,https://www.bilibili.com/video/BV1Pt411Q7iy/,自然,自然,其他,,,
【证件照妆容】日常的清纯学生妆|毕业寸照妆容分享|上镜的清爽|大地色眼妆,2018/12/11,https://www.bilibili.com/video/BV18t411q7KU/,清纯,清纯,少女,,,
【易烫】似仙似妖的佟丽娅灵感妆容，这个倒挑眉赶快get一下～,2018/12/19,https://www.bilibili.com/video/BV14t411v7Gt/,妖、佟丽娅,性感,姐,中国,,
【方方|妆容】提升温柔感的粉色烟熏玫瑰妆,2018/12/21,https://www.bilibili.com/video/BV14t411Y7PE/,温柔,温柔,少女,,,
【百分】做这条街最甜的崽！甜娘lolita妆容分享,2018/12/23,https://www.bilibili.com/video/BV1Vt411k7YW/,甜,可爱,少女,,,
【永野芽郁仿妆】少女素颜感的秘诀！给妆容做减法,2019/1/11,https://www.bilibili.com/video/BV1Ft411W7Sv/,永野芽郁、少女素颜感,清纯,少女,日本,,
一个干净清新的妆容有哪些必备基础？今天给大家推荐几款好物,2019/1/14,https://www.bilibili.com/video/BV1xt411H7bz/,清新,清纯,少女,,,
酷酷的风格!秋冬哑光妆容,2019/1/17,https://www.bilibili.com/video/BV16t411h77K/,酷酷,成熟,姐,,,
【小缘崽】什么场合都适合(•͈˽•͈)甜甜的韩系妆容分享,2019/1/22,https://www.bilibili.com/video/BV15t411h76Z/,甜甜、韩系,可爱,少女,韩国,,
如何调整上妆手法改变妆容风格|肿泡眼红色眼影的2种画法|可盐可甜,2019/1/27,https://www.bilibili.com/video/BV1Tt411t77c/,可盐可甜,甜酷,其他,,,
【B站第一黑】黑皮酷哥的日常妆容|贾玲版辛芷蕾求铁汁们进来瞧一瞧看一看!,2019/2/11,https://www.bilibili.com/video/BV11b411S7ig/,酷,成熟,姐,,,
【十安】新手必看！情人节约会妆容 | 清纯伪素颜重返十八岁的校园初恋妆 | 手把手教你打造少女感自然妆面,2019/2/12,https://www.bilibili.com/video/BV1eb411m7ja/,清纯、伪素颜、初恋,清纯,少女,,,
情人节单身姐妹自信逛街の黑莲花妆容分享,2019/2/14,https://www.bilibili.com/video/BV1hb411U741/,黑莲花,成熟,姐,,,
【青豆】看过都说像的春夏仿妆|蓬松慵懒卷发|盐系妆容,2019/2/22,https://www.bilibili.com/video/BV1Jb411h7iC/,盐系,高冷,姐,中国,,
无花果色系妆容>>>超简单的清纯开学妆 | Jansu,2019/2/24,https://www.bilibili.com/video/BV1ub411879y/,清纯,清纯,少女,,,
【陈奶酪】日常妆容分享｜水光感温柔妆｜纯白系｜新手向,2019/2/26,https://www.bilibili.com/video/BV1Fb411h7t4/,水光感、温柔,温柔,少女,,,
肥曈 | 写真必备 招男人元气桃花妆分享,2019/2/28,https://www.bilibili.com/video/BV1fb411t7Hd/,元气,可爱,少女,,,
【韩国美妆】女中生的真实清纯证件照妆容分享♡YoonJae,2019/3/1,https://www.bilibili.com/video/BV1xb411b7V6/,清纯,清纯,少女,韩国,,
【Coco Riley】干净素颜感妆容,2019/3/4,https://www.bilibili.com/video/BV1Nb411z7hX/,素颜感,自然,其他,,,
【Jessica Vu】以60年代复古风为灵感的日常洋娃娃感妆容分享,2019/3/8,https://www.bilibili.com/video/BV1Lb411v7P9/,洋娃娃,精致,其他,,,
韩系小清新干净妆容必备！百元以内的平价美瞳种草！,2019/3/14,https://www.bilibili.com/video/BV1Lb411H7zG/,韩系、小清新,清纯,少女,韩国,,
「Gabby」初春桃子系妆容/雪莉风格妆容/一起来做水蜜桃女孩,2019/3/15,https://www.bilibili.com/video/BV16b411H7dN/,雪莉、水蜜桃,纯欲,少女,韩国,,
【换头术】超帅气场爆棚的厌世&宿醉感酷girl妆容分享,2019/3/20,https://www.bilibili.com/video/BV1ab411E7b4/,超帅、气场爆棚、厌世、宿醉感、酷,叛逆,其他,,,
GRWM 开始改变日常妆容风格的日常蜜桃妆 想要每天的少女感都爆棚,2019/3/23,https://www.bilibili.com/video/BV1ob41177Lj/,蜜桃、少女感,可爱,少女,,,
少女桃花妆|春季约会妆容分享|变身粉嫩少女,2019/3/23,https://www.bilibili.com/video/BV1ib411779T/,粉嫩、少女,可爱,少女,,,
【十安】亚洲脸也能轻松get的大气感妆容 | 改变小气五官 做MVP女孩,2019/3/28,https://www.bilibili.com/video/BV18b411x7Pi/,大气感,大气,姐,,,
光泽感护肤&琉璃镜面妆容分享 | Glossy Skincare & Glass Makeup,2019/3/29,https://www.bilibili.com/video/BV1Xb411x739/,光泽感、琉璃镜面,清纯,少女,,,
很清新很干净的妆容! 日常生活常画的一个简单的妆 喜欢的宝宝,2019/3/31,https://www.bilibili.com/video/BV1xb411s7A7/,清新,清纯,少女,,,
缺牙女孩画甜妆 | 两个春夏妆容 | 甜橙果汁妆&草莓软糖妆,2019/4/6,https://www.bilibili.com/video/BV1Ub411M7C4/,甜,可爱,少女,,,
•BB• 妆容分享 | 裸雾battle妆 | 可甜可rap可拽可美可酷❓,2019/4/6,https://www.bilibili.com/video/BV1Qb411M7qd/,可甜可rap可拽可美可酷,甜酷,其他,,,
日常温柔版 || 轻欧美妆容分享 || 亚洲女孩轻松驾驭,2019/4/7,https://www.bilibili.com/video/BV1Nb411u7SS/,温柔,温柔,少女,欧美,,
良潇｜高级大气感杂志妆容｜干净底妆怎么化,2019/4/10,https://www.bilibili.com/video/BV1Nb411M7Er/,大气感,大气,姐,,,
【春夏日常绿油油妆容】打造清透少女感丨新手化妆刷技巧用法,2019/4/12,https://www.bilibili.com/video/BV1Eb411K7Xt/,清透、少女感,清纯,少女,,,
【爱普罗西】EVIL QUEEN暗黑系妆容分享！能当后妈的话就没灰姑娘什么事儿了,2019/4/12,https://www.bilibili.com/video/BV15b411K7We/,暗黑系, 叛逆,其他,,,
大果子丨春日清新伪素颜妆分享！超简单新手长手就会画的小心机！,2019/4/15,https://www.bilibili.com/video/BV15b411j72G/,清新、伪素颜妆,清纯,少女,,,
超日常的清透水光肌妆容分享～一起来画个清新自然光泽感妆容吧！,2019/4/16,https://www.bilibili.com/video/BV1tb411j7n1/,清透、清新、自然,清纯,少女,,,
"亲妈保姆级! 化妆5年的39个技巧,干净清爽橘色日常妆-甜甜Ananas",2019/4/18,https://www.bilibili.com/video/BV1Cb41157M9/,清爽,清纯,少女,,,
闷骚的性冷淡气质妆 | 妆容分享,2019/4/19,https://www.bilibili.com/video/BV1sb411L7yu/,性冷淡,高冷,姐,,,
酷女孩干净利落的妆容,2019/4/24,https://www.bilibili.com/video/BV14b411G7bd/,酷,成熟,姐,,,
新手向 一个黑皮也可以驾驭的清纯日常妆容【Alina】,2019/4/26,https://www.bilibili.com/video/BV1M4411h7FB/,清纯,清纯,少女,,,
完美日记9色眼影盘-白桃妆容分享|边化妆边唠嗑|平价彩妆|眼妆分享|粉嫩|春夏妆~,2019/4/28,https://www.bilibili.com/video/BV1p4411b7Dh/,粉嫩,可爱,少女,,,
【Kim】HUDA BEAUTY沙漠盘两种风格妆容教学 | 可攻可甜 | 今天是粉嫩系Kim,2019/4/29,https://www.bilibili.com/video/BV15441187ji/,粉嫩,可爱,少女,,,
【Matilda】【化妆包系列】Emma Waston的化妆包里有什么 | 打造英伦玫瑰清新的,2019/4/30,https://www.bilibili.com/video/BV1o4411477b/,清新、英伦,清纯,少女,欧美,,
【RITA】厌世感沙漠玫瑰红唇妆|全脸平价彩妆打造高级感妆容,2019/5/4,https://www.bilibili.com/video/BV1o4411v7cM/,厌世感,叛逆,其他,,,
清爽干净的学生日常妆容,2019/5/4,https://www.bilibili.com/video/BV1M4411i7Ze/,清爽,清纯,少女,,,
•BB• 妆容分享 | 氧气光感妆容 （其实是母气十足妆,2019/5/8,https://www.bilibili.com/video/BV184411v7PY/,氧气,清纯,少女,,,
【多肉】的日常妆容分享|低调精致元气女孩妆容|边聊天边化妆,2019/5/10,https://www.bilibili.com/video/BV1Y4411Y7L2/,元气,可爱,少女,,,
【十安】又纯又媚的港风妆容 | 陈都灵参考灵感妆容 | 告别「跟风街妆」打造质感,2019/5/11,https://www.bilibili.com/video/BV1K4411e7sw/,又纯又媚、港风,纯欲,少女,香港,,
【鱼目八怪】初投稿 | 粉嫩桃花约会妆 | 春夏妆 | chic减龄少女妆 | 伪素颜日常,2019/5/12,https://www.bilibili.com/video/BV1k4411h7ui/,粉嫩,可爱,少女,,,
「涂涂」又纯又欲妆容 淡妆温柔风！新手易上手,2019/5/15,https://www.bilibili.com/video/BV1t4411a7uX/,又纯又欲、淡妆温柔,纯欲,少女,,,
【脱脂】日常妆容分享 | 夏日清透底妆,2019/5/15,https://www.bilibili.com/video/BV1A4411J7TY/,清透,清纯,少女,,,
【韩国美妆】清爽干净的红唇妆容一起准备叭GRWM♡Urishop,2019/5/16,https://www.bilibili.com/video/BV1r4411J7oi/,清爽,清纯,少女,韩国,,
「维姨酱」新手友好向轻欧美复古红唇妆 适合亚洲人的高级感欧美妆教程,2019/5/19,https://www.bilibili.com/video/BV1w4411j7LM/,高级感、欧美,高贵,姐,欧美,,
干净清爽的夏日妆容#塑普博主的近期爱用平价好物分享！呕心沥血！诚意满满！,2019/5/20,https://www.bilibili.com/video/BV1C4411j73t/,清爽,清纯,少女,,,
【uni】520和你约会的超A妆容分享丨御＋酷 铁汉柔情,2019/5/20,https://www.bilibili.com/video/BV1o4411L7TF/,超A、御、酷,中性,其他,,,
【你的小陆】清爽干净夏日妆容分享|无眼线版|,2019/5/22,https://www.bilibili.com/video/BV1g441177Pj/,清爽,清纯,少女,,,
【苏婆】夏日甜橙复古红妆容丨全脸哑光妆感丨又纯又欲的高级,2019/5/26,https://www.bilibili.com/video/BV1d4411s7d2/,又纯又欲,纯欲,少女,,,
Soyoon|英字GRWM拍摄人生证件照|显得皮肤干净清透妆容+VLOG,2019/5/30,https://www.bilibili.com/video/BV1p4411H7AM/,清透,清纯,少女,,,
【鼬の初投稿】硬核JK的六一炸街妆容 | 风格教程向 | 纯萌,2019/6/1,https://www.bilibili.com/video/BV1P4411n7Ry/,纯萌,可爱,少女,,,
挖坑：自然风格的妆容也很适合夏日出游呀,2019/6/4,https://www.bilibili.com/video/BV1V4411H7iW/,自然,自然,其他,,,
夏日热浪甜心音乐节晒伤妆容分享 l cut crease哈密瓜眼妆,2019/6/7,https://www.bilibili.com/video/BV1D4411M7EA/,甜心,可爱,少女,,,
日系女孩 |乌龙蜜茶清透妆容分享,2019/6/12,https://www.bilibili.com/video/BV154411P7ww/,清透,清纯,少女,日本,,
GLOWY MAKEUP | 瑕疵皮也能化的湿漉漉高级感妆容 | 自然清透水光感,2019/6/13,https://www.bilibili.com/video/BV1v4411P7tS/,湿漉漉、高级感、自然清透,清纯,少女,,,
【素人改造】肿内双短下巴圆鼻头小圆脸怎么化妆|夏日可爱雀斑妆轻松变成人间太妃糖|杏棕色焦糖感氛围,2019/6/13,https://www.bilibili.com/video/BV1n4411P7Hd/,可爱,可爱,少女,,,
夏日复古甜心蜜糖女孩妆容分享,2019/6/14,https://www.bilibili.com/video/BV1K4411N7bj/,甜心蜜糖,可爱,少女,,,
夏季清新粉色系 ”初恋脸” 妆容！肿单也可以轻松分驾驭的粉色眼影！,2019/6/15,https://www.bilibili.com/video/BV1H4411K7RN/,清新、初恋脸,清纯,少女,,,
夏日杏子粉团妆容 |自带粉嫩滤镜 nun nun nun,2019/6/15,https://www.bilibili.com/video/BV1W4411V756/,粉嫩,可爱,少女,,,
夏日清爽伪素颜妆容分享！！干净明媚的眼妆分享！！让眼睛变美的小技巧！！,2019/6/16,https://www.bilibili.com/video/BV1N4411575n/,伪素颜,自然,其他,,,
日常中性妆容分享,2019/6/21,https://www.bilibili.com/video/BV1V441137G4/,中性,中性,其他,,,
【蔡蔡】元气鬼马精灵水润草莓果汁妆容教程分享/夏日甜心汽水妆容/完美日记小猪盘教程/日常/可爱兔子感,2019/6/23,https://www.bilibili.com/video/BV1M4411g7RK/,元气鬼马精灵,可爱,少女,,,
单眼皮妆容分享 | 如何做一枚夏季水蜜桃女孩,2019/6/30,https://www.bilibili.com/video/BV1Rx41197rd/,水蜜桃,可爱,少女,,,
港妆日常妆容/黑黄皮/画出元气感且干净的感觉,2019/7/5,https://www.bilibili.com/video/BV1V4411c7CD/,元气感,可爱,少女,香港,,
杀马特妆容教学,2019/7/12,https://www.bilibili.com/video/BV16t41157SZ/,杀马特,叛逆,其他,,,
妆容分享♡夏日清透花花妆容,2019/7/15,https://www.bilibili.com/video/BV1St41137Km/,清透,清纯,少女,,,
绽放的花蕊 清透干净的妆容 仙气十足,2019/7/16,https://www.bilibili.com/video/BV1et411G7bC/,清透,清纯,少女,,,
【易烫】夏日气质仙女妆 刘亦菲灵感妆容~,2019/7/23,https://www.bilibili.com/video/BV1vt41177Yi/,气质仙女妆、刘亦菲,清纯,少女,中国,,
紫芋乌龙 | 透明高级感妆容分享,2019/7/24,https://www.bilibili.com/video/BV1nt411E7Yt/,高级感,高贵,姐,,,
可以化出门的日常版微醺宿醉妆 | 妆容分享,2019/7/26,https://www.bilibili.com/video/BV1Xt411j7rV/,微醺宿醉,纯欲,少女,,,
素人改造/晚晚风/痘肌黄皮的元气温婉番茄红唇妆容/穿衣化妆技巧｜Piggy’s MakeUp,2019/7/29,https://www.bilibili.com/video/BV18t411A7Ft/,元气温婉、晚晚,温柔,少女,中国,,
【约会必备妆容】甜!就完事了｜放大眼睛小技巧｜新手.手残党也能化的日常约会｜内双单眼皮七夕约会｜内双单眼皮日常｜内双单眼皮眼妆,2019/8/5,https://www.bilibili.com/video/BV1bt411M73c/,甜,可爱,少女,,,
〖 恰 〗厌世感甜心妆容 干枯玫瑰色系,2019/8/6,https://www.bilibili.com/video/BV1qt411K7V4/,厌世感,叛逆,其他,,,
薄荷拿铁 | 微丧夏日妆容分享,2019/8/15,https://www.bilibili.com/video/BV1M4411U7j6/,微丧,叛逆,其他,,,
【水星】呐~你是我的哦|病娇感妆容分享|宿醉腮红,2019/8/18,https://www.bilibili.com/video/BV1w4411o7aF/,病娇感,叛逆,其他,,,
•BB• 妆容分享 | 玫瑰粉檀珍珠妆 | 玫瑰感/粉调温柔/细腻透闪,2019/8/27,https://www.bilibili.com/video/BV1D4411B7zW/,温柔,温柔,少女,,,
「单宝造型」古典的红与金结合～传递东方的独特韵味~精致有序的发髻～大气的质感～细节之处无不展现中式秀禾服的温婉典雅~,2019/8/29,https://www.bilibili.com/video/BV1E4411q75U/,大气,大气,姐,中国,,
收起沙雕好好化妆 || 温油女孩就是你 || 初秋上镜妆容分享,2019/8/29,https://www.bilibili.com/video/BV1n4411q77F/,温油,温柔,少女,,,
厌世感雀斑妆容 | 对于「厌世」的要素分析AD,2019/8/30,https://www.bilibili.com/video/BV1H4411B7Yp/,厌世,叛逆,其他,,,
小松菜奈仿妆 初秋日系厌世妆分享,2019/8/31,https://www.bilibili.com/video/BV16441127NZ/,厌世,叛逆,其他,日本,,
开学必看！人手必备伪素颜妆容！【大西米君】,2019/9/6,https://www.bilibili.com/video/BV1S4411y7Yx/,伪素颜,自然,其他,,,
初秋的玫瑰果酱妆容分享/开学超减龄新手妆/完美日记小酒管试色分享,2019/9/7,https://www.bilibili.com/video/BV1c4411C7pR/,超减龄,少女,少女,,,
#单宝造型# 干净清爽的妆容～凌乱有层次感的刘海～浑然天成的少女叛逆感和不羁～完美诠释什么是beauty girl,2019/9/9,https://www.bilibili.com/video/BV1WJ411N7vy/,少女叛逆感和不羁,甜酷,其他,,,
【潘安】小鹿乱撞隔壁的学长|初秋少年感妆容画个男朋友系列,2019/9/21,https://www.bilibili.com/video/BV1XJ411u7di/,少年感,中性,其他,,,
彭王者妆容 | 真正的直男斩网红妆！！,2019/9/21,https://www.bilibili.com/video/BV1BJ411u7un/,直男斩,纯欲,少女,,,
单眼皮妆容分享|吃土暗黑妆|土里土气 个性女孩必备妆容|做GAI上最靓的仔|内双单眼皮眼妆|初秋,2019/9/22,https://www.bilibili.com/video/BV1JJ411g7ix/,暗黑,叛逆,其他,,,
御姐烟熏红唇妆容 | 聊聊我不可思议的体脂率,2019/9/26,https://www.bilibili.com/video/BV1yJ411K7jt/,御姐,成熟,姐,,,
【潘安】斯文败类假装腹黑系列｜衣冠楚楚又奶又凶妆容,2019/9/30,https://www.bilibili.com/video/BV1oE411R7J6/,斯文败类假装腹黑、衣冠楚楚又奶又凶,甜酷,其他,,,
如何Get浓颜妆容,2019/10/5,https://www.bilibili.com/video/BV15E411D7mT/,浓颜,成熟,姐,,,
【金木-JINMUA】气质干净甜美妆容，穿搭，好物分享。便宜又大碗你不可不知的护肤秘密武器！！,2019/10/5,https://www.bilibili.com/video/BV1WE411D7BV/,甜美,可爱,少女,,,
【梨】撩人超A小烟熏 | 易上手的秋冬妆容分享 做回炸街气场女王！,2019/10/5,https://www.bilibili.com/video/BV1tE411D7c1/,撩人超A、气场,性感,姐,,,
化妆如换头？！气场全开的初秋欧美妆容分享！！,2019/10/13,https://www.bilibili.com/video/BV1GE411d7nv/,气场,自信,姐,欧美,,
❤安然❤超实用Lolita造型 仙境爱丽丝元气小女孩妆容分享,2019/10/20,https://www.bilibili.com/video/BV1YE411k7y6/,元气,可爱,少女,,,
单眼皮｜带来温暖的秋冬韩系甜酷妆容,2019/10/21,https://www.bilibili.com/video/BV1CE41167gb/,甜酷,甜酷,其他,韩国,,
中国妆在日本走红 被赞妆面高级不谄媚男性,2019/11/2,https://www.bilibili.com/video/BV1LE411t7rx/,高级,高贵,姐,中国,,
减龄加成 | 奶油少女轻油画感妆容分享 | 黄黑皮也可拥有的温柔系无辜感气质,2019/11/7,https://www.bilibili.com/video/BV1TE411q77z/,温柔、无辜、减龄,清纯,少女,,,
【思奇】超上镜ins风 高级感干净妆容~,2019/11/9,https://www.bilibili.com/video/BV1tE411v71D/,高级,高贵,姐,,,
【韩国美妆】网红崔兔兔的清爽干净证件照妆容·让宽额头看起来变小的方法♡ttokkii,2019/11/18,https://www.bilibili.com/video/BV1rJ41127Sr/,清爽,清纯,少女,韩国,,
哈喽 这是一个冷艳轻奢风格的妆容哦,2019/11/19,https://www.bilibili.com/video/BV1xJ41117vP/,冷艳,性感,姐,,,
【bjd客单妆面展示】6分 独角兽可爱风格妆容,2019/11/20,https://www.bilibili.com/video/BV1xJ41117xC/,可爱,可爱,少女,,,
【Amanda Steele】丧也要保持美丽 近期顺手妆容分享｜DEAD BUT HOT MAKEUP TUTORIAL,2019/11/22,https://www.bilibili.com/video/BV1eJ41127NJ/,丧也要保持美丽 ,甜丧,其他,,,
超简单5分钟出门妆容 | 懒人秘诀 | 快速get清透气色感！,2019/11/24,https://www.bilibili.com/video/BV1CJ41197c6/,清透,清纯,少女,,,
【易烫】IU专属妆发师为我打造《德鲁纳酒店》同款造型？韩国发型技巧！瑕疵皮变牛奶肌少女脸？,2019/11/27,https://www.bilibili.com/video/BV1SJ411X76T/,少女脸,少女,少女,韩国,,
超A气场全开的干枯黑玫瑰妆容教程 断截式眼妆化法｜Dried Black Rose Makeup Tutorial,2019/11/28,https://www.bilibili.com/video/BV1uJ41197Cf/,超A气场全开,自信,姐,,,
高级感杂志封面妆容｜珍珠创意妆容｜wb有礼哦,2019/12/4,https://www.bilibili.com/video/BV1MJ411B7qL/,高级,高贵,姐,,,
伪素颜的眼镜妆容 | 一个适合近视眼的日常妆容 | 单眼皮文艺风眼镜妆 | 一些小干货已奉上~,2019/12/8,https://www.bilibili.com/video/BV1LJ411v7GB/,伪素颜,自然,其他,,,
【水星】又纯又欲~温柔风日常妆容分享 | Soft Glam Daily Look,2019/12/11,https://www.bilibili.com/video/BV1EJ41117oi/,又纯又欲,纯欲,少女,,,
【招财】秋冬清爽短发少年感妆容分享丨帅帅气气男友妆丨平价彩妆安利,2019/12/16,https://www.bilibili.com/video/BV1gJ41167gs/,少年感,中性,其他,,,
GRWM/今晚我们要演出了/温柔干净秋冬妆容,2019/12/18,https://www.bilibili.com/video/BV15J411t71k/,温柔,温柔,少女,,,
倪妮灵感冷色调妆容 | 妆容分享,2019/12/20,https://www.bilibili.com/video/BV13J411b72b/,冷,高冷,姐,中国,,
YIKO|适合冬天的干净无公害少女妆容|可以当个简单的圣诞妆|可安静可活泼百搭|奶油肌底妆/藕粉色眼妆/水光感亮片眼影,2019/12/22,https://www.bilibili.com/video/BV1qJ411s7ux/,无公害少女,清纯,少女,,,
肿眼泡也能画粉色！圣诞也搞的粉粉的吧！Cut Crease 欧美截断式眼妆 帅气,2019/12/23,https://www.bilibili.com/video/BV12J411s7uC/,帅气,中性,其他,欧美,,
单眼皮肉肉脸无眉星人变身-超A气场全开攻气girl |赤橘小烟熏妆容| 内双单眼皮眼妆 | 单眼皮,2019/12/25,https://www.bilibili.com/video/BV16J411W7HZ/,超A气场全开攻气,成熟,姐,,,
欧阳娜娜化妆师，给我化“华丽厌世妆容”！,2019/12/28,https://www.bilibili.com/video/BV1AJ411a7Wq/,厌世,叛逆,其他,,,
超A风格妆容及衣服分享,2019/12/28,https://www.bilibili.com/video/BV1KJ411a7gi/,超A,中性,其他,,,
【Heizle】英文字幕 • 无美瞳的素颜妆容分享,2019/12/28,https://www.bilibili.com/video/BV1gJ411a7K8/,素颜,自然,其他,,,
【萌大雨】冬季的干枯玫瑰妆容，自然妆感加上特别眼妆即日常又有一点小心机,2019/12/31,https://www.bilibili.com/video/BV1rJ411h72n/,自然,自然,其他,,,
ioi | MAKEUP007 | 2020新年第一弹职场妆容 | 事业有成妆容分享,2020/1/1,https://www.bilibili.com/video/BV1mJ411h7a7/,事业有成,成熟,姐,,,
【招财】换头男团爱豆妆挑战丨可帅可娘中性短发妆容分享丨学生党平价彩妆推荐,2020/1/3,https://www.bilibili.com/video/BV1WJ411j7BH/,可帅可娘中性短发,甜酷,其他,,,
【阿妹】清透干净的简单气质妆容 / 也是个小女人啊~,2020/1/8,https://www.bilibili.com/video/BV1rJ41157Ae/,清透,清纯,少女,,,
最近超爱的仙飘飘妆容分享~欧美新品VS国货新品！PR测评如实说,2020/1/8,https://www.bilibili.com/video/BV1aJ41157Vp/,仙飘飘,清纯,少女,,,
<肉团儿>韩国留学vlog#26 | 粉嫩减龄妆容分享 | 弘大韩国校服试穿 | 2019年的细枝末节,2020/1/9,https://www.bilibili.com/video/BV1kJ411G7L2/,粉嫩减龄,可爱,少女,,,
圆脸女孩大改造 · 铁憨憨变身都市丽人 | 气质冷调梅子妆 | 单眼皮日常 | 新的一年改头换面.重新做人,2020/1/9,https://www.bilibili.com/video/BV14J411G7M4/,都市丽人,成熟,姐,,,
【美妆】中文字幕 • 干净且高级感的妆容分享 — CHAEYOUNG,2020/1/11,https://www.bilibili.com/video/BV1KJ411p7QT/,高级,高贵,姐,,,
新年聚会高级感妆容分享 / 忧 郁 蓝 / BLUE MAKEUP,2020/1/14,https://www.bilibili.com/video/BV1EJ411H7Jr/,高级,高贵,姐,,,
5分钟get伪素颜妆容！过年心机妆容 | 零妆感 | 秒变年轻,2020/1/15,https://www.bilibili.com/video/BV1uJ411J7Qn/,伪素颜,自然,其他,,,
[ 单眼皮妆容 ] 纯单眼皮也可以化的粉紫色眼妆 | 水光感十足的粉嫩 | 打造又清透的妆面 | 日常妆,2020/1/15,https://www.bilibili.com/video/BV1YJ411J73i/,粉嫩,可爱,少女,,,
新年妆容分享 | 元气金桔妆 拜年聚会都搞定！,2020/1/15,https://www.bilibili.com/video/BV1vJ411J7mJ/,元气,可爱,少女,,,
小松菜奈同款厌世妆，拥有此妆，气场强大十倍！,2020/1/17,https://www.bilibili.com/video/BV1sJ411E7o7/,厌世,叛逆,其他,日本,,
新年迎客妆/超自然的气质妆容/新年妆的正确打开方式,2020/1/22,https://www.bilibili.com/video/BV1i7411e7Gs/,自然,自然,其他,,,
如何画一个干净清透的妆容，超简单！,2020/2/7,https://www.bilibili.com/video/BV1y7411b7XH/,清透,清纯,少女,,,
【美妆】2000年代千禧年青少年风格妆容 — Jaymee,2020/2/7,https://www.bilibili.com/video/BV1o7411h7n1/,千禧年青少年,甜辣,其他,,,
【清纯甜美开学妆容分享】sweet talk眼影盘教程 | 把男神撩到手～,2020/2/7,https://www.bilibili.com/video/BV1o7411h7Mp/,清纯甜美,可爱,少女,,,
自然放大眼睛术/方脸妆容分享/性感又可爱/Jennie妆灵感的微混血日常小野猫,2020/2/8,https://www.bilibili.com/video/BV1N7411879N/,性感又可爱,甜辣,其他,韩国,,
【Vino】直男斩|符合直男审美的情人节节日妆容~美的干净高级又特别！,2020/2/13,https://www.bilibili.com/video/BV1964y1y7HG/,直男斩,纯欲,少女,,,
情人节约会斩男妆容 · 甜度超标 | 温柔风·日常也可画化 | JUNO&CO | 单眼皮日常,2020/2/13,https://www.bilibili.com/video/BV1RV411J7T6/,斩男、甜,纯欲,少女,,,
【Koka羊】2020高甜情人节妆容分享 Ft. JUNO&Co.,2020/2/14,https://www.bilibili.com/video/BV1Nh411m7N6/,甜,可爱,少女,,,
YIKO|一个妆容两种风格|可盐可甜百搭即正义|可以是鬼马小精灵也可以是超A姐姐,2020/2/16,https://www.bilibili.com/video/BV1xN411f7oH/,可盐可甜,甜酷,其他,,,
自然放大双眼 两步缩短人中 手把手教你打造“初恋脸”！春季减龄妆容分享,2020/2/17,https://www.bilibili.com/video/BV1RB4y1c785/,初恋,清纯,少女,,,
【阿球球君】绿野仙踪 | 清透感日杂风格妆容分享,2020/2/19,https://www.bilibili.com/video/BV1Wp4y147oh/,清透,清纯,少女,日本,,
【蜜桃妆教程】温柔减龄的早春日常妆容|少女感爆棚,2020/2/20,https://www.bilibili.com/video/BV1Y54y157UJ/,减龄、少女感,少女,少女,,,
【给妆容做减法】适合新手清秀干净的 | 开学日常妆,2020/2/21,https://www.bilibili.com/video/BV1J541137Z8/,清秀,清纯,少女,,,
留学生上学日常妆｜五分钟快速出门妆挑战｜超清纯伪素颜元气,2020/2/22,https://www.bilibili.com/video/BV1yV411779T/,超清纯,清纯,少女,,,
【山本月】强势风格妆容+卷发技巧分享,2020/2/23,https://www.bilibili.com/video/BV1rQ4y1d7PT/,强势,自信,姐,,,
【捡捡】日系甜丧|春日蜜桃乌龙茶妆容分享,2020/2/24,https://www.bilibili.com/video/BV1RQ4y1d73H/,甜丧,甜丧,其他,日本,,
韩国清冷向女神sun woo的干净透明妆容&没有粉底液,2020/2/25,https://www.bilibili.com/video/BV1oh411e7qu/,清冷,清冷,姐,韩国,,
GRWM丧甜感厌世妆容分享,2020/2/25,https://www.bilibili.com/video/BV1yy4y1p7mN/,丧甜,甜丧,其他,,,
超绝好看的国牌暗黑系lo裙试穿+妆容分享|暗黑系,2020/2/25,https://www.bilibili.com/video/BV1ZU4y1t7Qn/,暗黑,叛逆,其他,,,
病娇风格妆容（图片来网络作者未知）（无道具）,2020/2/26,https://www.bilibili.com/video/BV1Y5411374G/,病娇,叛逆,其他,,,
【Jessica Vu】坏女孩风格妆容分享 ABG BADDIE MAKEUP,2020/2/26,https://www.bilibili.com/video/BV1r54y157MJ/,坏,叛逆,其他,,,
【小葵】 我平时化妆的一些小技巧 | 可盐可甜妆容分享,2020/2/26,https://www.bilibili.com/video/BV1R7411N7PR/,可盐可甜,甜酷,其他,,,
【帅哥出没】男生日常妆·清透自然毫无妆感·颜值悄悄暴升·温柔调皮暖男,2020/2/28,https://www.bilibili.com/video/BV1y7411N7vY/,清透,清纯,少女,,,
【May】日杂风 | 春日奶油透明感妆容,2020/3/1,https://www.bilibili.com/video/BV1eE411J7xX/,透明,清纯,少女,日本,,
Jennie画报仿妆 | 玻璃感通透妆容技巧 高级裸妆风潮回归~【一枝南南】,2020/3/9,https://www.bilibili.com/video/BV1BE411u7r5/,通透,清纯,少女,韩国,,
【Suzy】攻气单眼皮|衣冠楚楚 斯文败类|日常雅痞妆容,2020/3/12,https://www.bilibili.com/video/BV1LE411L729/,攻气,中性,其他,,,
五分钟快速伪素颜妆|你能看出我化妆了吗？,2020/3/13,https://www.bilibili.com/video/BV1iE411G7P3/,伪素颜,自然,其他,,,
圆脸女孩完美演绎甜酷风 | 少女感轻欧美妆 · 单眼皮日常妆容,2020/3/14,https://www.bilibili.com/video/BV1HE411V7BG/,少女感,少女,少女,欧美,,
方脸怎么才有高级感？？方脸自救法则！发型+风格+妆容变美逆袭！拥有自信,2020/3/15,https://www.bilibili.com/video/BV1jE411G72W/,高级感,高贵,姐,,,
芬儿 | 赛博朋克风格妆容，来自2077年的机械改造人。。。,2020/3/16,https://www.bilibili.com/video/BV13E411G7j2/,赛博朋克,叛逆,其他,,,
普通人如何让自己更耐看？教你养成日系高级感，舒服比好看更重要！内附日系详解,2020/3/21,https://www.bilibili.com/video/BV1HE411w7vq/,高级感,高贵,姐,日本,,
尽力了的 超A酷女孩儿妆容 不夸我我就强吻你,2020/3/22,https://www.bilibili.com/video/BV1eE411w7kq/,攻气,中性,其他,,,
桥本环奈仿妆/日杂伪素颜妆容/日系透明感底妆,2020/3/24,https://www.bilibili.com/video/BV1eE411c7r6/,透明,清纯,少女,日本,,
暗黑病娇的JK风格妆容,2020/3/25,https://www.bilibili.com/video/BV1u741127wH/,暗黑,叛逆,其他,,,
甜酷暗黑少女|妆容分享|厌世妆,2020/3/25,https://www.bilibili.com/video/BV137411U7SG/,甜酷,甜酷,其他,,,
老师都发现不了你化妆｜日常伪素颜妆容分享｜素颜学生妆,2020/3/27,https://www.bilibili.com/video/BV1a7411C7bu/,伪素颜,自然,其他,,,
欧阳娜娜仿妆 | 少女心机 『 直男斩 』 妆容,2020/3/30,https://www.bilibili.com/video/BV1o54y1R7eZ/,直男斩,纯欲,少女,中国,,
日系爱豆妆 | 变身超甜小偶像的秘诀！青春有你新选手报道～闪闪发光的憧憬呀 日系元气女团,2020/4/1,https://www.bilibili.com/video/BV1uk4y1o7he/,甜,可爱,少女,日本,,
【韩国美妆·中字】YUZU的干净清透日常妆容 单眼皮妆容 肿眼泡可以学习的眼妆教程,2020/4/2,https://www.bilibili.com/video/BV1M7411S7SX/,清透,清纯,少女,韩国,,
瑕疵皮变身终极清透光泽肌 | 奶橘杏茶冻 | 日系妆容分享,2020/4/3,https://www.bilibili.com/video/BV1Ra4y147Sg/,清透,清纯,少女,日本,,
ioi | MAKEUP009 | 可爱甜心妆容分享 | 粉色系仿妆,2020/4/6,https://www.bilibili.com/video/BV1cg4y187YM/,甜,可爱,少女,,,
“某书风格”浓颜网红小姐姐妆容，化妆原来有套路......甜甜Ananas,2020/4/12,https://www.bilibili.com/video/BV15T4y1G7WC/,浓颜,成熟,姐,,,
『登登』超简单妆容分享/干净清透/甜+飒,2020/4/12,https://www.bilibili.com/video/BV18A411h7Z5/,甜+飒,甜酷,其他,,,
【妆容分享】暗黑风格妆容分享,2020/4/12,https://www.bilibili.com/video/BV16K411L71o/,暗黑,叛逆,其他,,,
Mocha：SATIN水润，丝绒质地妆容风格：可温柔可带劲欧美，知性高级感，如果你想尝试吃土色又怕hold不住，这只是初尝试的最佳选择,2020/4/14,https://www.bilibili.com/video/BV1Kp4y1y7nY/,高级感,高贵,姐,欧美,,
泰式高级感妆容|泰国女星颜值崛起的秘密 扁平脸也能打造立体混血感 【博妞】,2020/4/17,https://www.bilibili.com/video/BV1Mg4y1z71f/,高级感,高贵,姐,泰国,,
【彩妆】Chez的超清新杏调妆容，干净妆面搭配浅发色真的是扑面而来的温柔日系风,2020/4/18,https://www.bilibili.com/video/BV1S5411t7ng/,温柔,乖巧,少女,日本,,
第三弹 Brick -o-la 烟熏玫瑰质地：SATIN，丝绒质地可搭配：温柔气质通勤深唇与浅唇对比：深唇不太显色,2020/4/20,https://www.bilibili.com/video/BV1vt4y127Xw/,温柔,温柔,少女,,,
金属质感/酷野女孩/紫裸色调/嘻哈风格妆容,2020/4/23,https://www.bilibili.com/video/BV18t4y127He/,嘻哈风格,叛逆,其他,,,
清透妆容 双眼放大、高鼻梁、去泪沟技巧 新手必看化妆步骤,2020/5/2,https://www.bilibili.com/video/BV1AK4y187Wm/,清透,清纯,少女,,,
轻欧美辣妹妆 | 黄昏落日氛围感眼妆 | 假日出游妆容分享 进来唠嗑,2020/5/8,https://www.bilibili.com/video/BV1Z54y1Q7NA/,辣妹,甜辣,其他,欧美,,
【芮】 日常向｜妆容分享｜甜系温柔妆面,2020/5/10,https://www.bilibili.com/video/BV1xk4y1k7kf/,甜,可爱,少女,,,
当腻了仙女：鬼马少女妆容分享/甜酷妆也太简单好画了吧,2020/5/11,https://www.bilibili.com/video/BV1UA411t7ez/,甜酷,甜酷,其他,,,
[Healing Times]粉色少女心击杀 | 美妆发烧友必看｜PINK趴体狙击❤Destroying Cosmetic With PINK Products,2020/5/14,https://www.bilibili.com/video/BV1Zz4y1R7Yq/,少女心,可爱,少女,,,
元气职场妆vs甜媚出游妆 两种风格妆容对比,2020/5/16,https://www.bilibili.com/video/BV1654y1X7Jc/,元气、甜媚,可爱、纯欲,少女,,,
纯欲的微醺感｜撩未撩约会妆,2020/5/17,https://www.bilibili.com/video/BV1vZ4y1p7Pg/,纯欲,纯欲,少女,,,
张艺凡清纯干净的妆容,2020/5/17,https://www.bilibili.com/video/BV1tK4y187h2/,清纯,清纯,少女,中国,,
大一学生党妆容#日常伪素颜| 适合新手的简单教程 大一学生党#又舒服！超简单好上手！,2020/5/19,https://www.bilibili.com/video/BV1Vf4y1U7Wp/,伪素颜,自然,其他,,,
毕业季逢面必过妆容！瑕疵皮逆袭干净通透底妆,2020/5/19,https://www.bilibili.com/video/BV1GT4y1u7Tb/,通透,清纯,少女,,,
清爽干净的夏日红橘妆容丨首次尝试短发！,2020/5/20,https://www.bilibili.com/video/BV12t4y1174F/,清爽,清纯,少女,,,
甜甜丧丧微醺妆容教程，一看就会,2020/5/20,https://www.bilibili.com/video/BV1tp4y1Q71d/,甜丧,甜丧,其他,,,
520日系温柔约会妆容分享～,2020/5/20,https://www.bilibili.com/video/BV1aK411W7JF/,温柔,温柔,少女,日本,,
外油内干？卡粉？脱妆？ 摆脱底妆廉价感｜打造通透无暇底妆画法,2020/5/23,https://www.bilibili.com/video/BV1cp4y1X7FK/,通透,清纯,少女,,,
大学生日常妆容分享｜简单易学素颜妆,2020/5/24,https://www.bilibili.com/video/BV1dz4y1X7Hv/,素颜妆,自然,其他,,,
伪素颜心机妆容分享 直男看了都说好 新手小白快进来 没有技术含量(素颜这个脸真的圆) 好物,2020/5/25,https://www.bilibili.com/video/BV1254y1D7h8/,伪素颜,自然,其他,,,
【张予曦】NANA仿妆—今日份日系少女妆容分享,2020/5/26,https://www.bilibili.com/video/BV11t4y1C7J8/,少女,少女,少女,日本,,
【HIP】【mamamoo】自制音乐MV加金容仙造型仿妆 solar真的绝美！【AA】暗黑系少女 黑唇超酷,2020/5/27,https://www.bilibili.com/video/BV1GA411q7pd/,暗黑,叛逆,其他,韩国,,
妆容分享｜基础日常自然干净妆容，你该学会啦！｜学生党通勤｜伪素颜裸妆,2020/5/28,https://www.bilibili.com/video/BV1DK4y1t7RE/,伪素颜,自然,其他,,,
ABG妆容分享 | 亚裔辣妹妆感 | 简单易上手的单眼皮轻欧美妆容,2020/5/28,https://www.bilibili.com/video/BV1rt4y1C7S9/,亚裔辣妹,甜辣,其他,欧美,,
【长江以南】温柔杏色妆容｜新手也能画的人畜无害妆容,2020/5/29,https://www.bilibili.com/video/BV1uz4y197HF/,温柔,温柔,少女,,,
日杂风甜丧妆 | 手残党也能轻松学会的高级感甜丧风 学生党平价,2020/5/30,https://www.bilibili.com/video/BV1Pk4y1r7sx/,甜丧,甜丧,其他,日本,,
清纯脸如何变美艳？以青春有你宋昕冉为例，认真分析妆容思路｜淡妆｜浓妆｜审美分析｜陈都灵，鞠婧祎,2020/5/30,https://www.bilibili.com/video/BV1Jp4y1X7Zm/,美艳,性感,姐,中国,,
日系纯欲风｜蜜桃乌龙斩男妆容，日常妆容向,2020/5/31,https://www.bilibili.com/video/BV1Pz4y197f9/,纯欲,纯欲,少女,日本,,
快速出门妆容‖干净可爱小仙女,2020/6/2,https://www.bilibili.com/video/BV12A411q7Qj/,仙女,清纯,少女,,,
「su_ll」日常系|甜系出街女孩 | 粉嫩妆容分享 |大眼卧蚕的妆容,2020/6/3,https://www.bilibili.com/video/BV1zQ4y1P7Zd/,甜,可爱,少女,,,
甜酷日常妆 | 闭嘴化妆 | 妆容分享,2020/6/5,https://www.bilibili.com/video/BV1xC4y1a73C/,甜酷,甜酷,其他,,,
2003年高圆圆版周芷若仿妆｜冷美人妆容,2020/6/5,https://www.bilibili.com/video/BV1fT4y1E7Ub/,冷,高冷,姐,中国,,
ABG妆容 | 亚裔辣妹混血感 | 自拍上镜妆,2020/6/5,https://www.bilibili.com/video/BV1jz411i7LE/,亚裔辣妹,甜辣,其他,欧美,,
【蹬来蹬去骑】纯欲妆容～简单易上手 伪素颜妆，直男分不清,2020/6/13,https://www.bilibili.com/video/BV1aa4y1Y7BS/,纯欲,纯欲,少女,,,
超A姐姐妆 | 闭嘴化妆 | 妆容分享,2020/6/16,https://www.bilibili.com/video/BV1PV411k7B9/,超A,中性,其他,,,
娃娃脸摆脱学生气！向漂亮，气质女人味，拓展风格！自测，服装色型图品牌动作调整，形象管理纯干货分享,2020/6/16,https://www.bilibili.com/video/BV1tp4y1D73j/,女人味,性感,姐,,,
[不良]♡地雷女妆容分享♡用国货化日本超火的妆容,2020/6/16,https://www.bilibili.com/video/BV1Xk4y1z7ms/,不良,叛逆,其他,日本,,
Love pink｜淡颜の清透粉雾夏日妆容·0负担透明感底妆,2020/6/19,https://www.bilibili.com/video/BV1Nz4y1R7H3/,清透，透明,清纯,少女,,,
【Youandain】嘻哈风格妆容分享,2020/6/20,https://www.bilibili.com/video/BV1hf4y1y7Zj/,嘻哈风格,叛逆,其他,,,
全脸彩妆均价不过60！贫民窟女孩如何化清纯斩男妆｜学生党必看的白菜合集｜日常,2020/6/20,https://www.bilibili.com/video/BV1Z54y1B7WJ/,斩男,纯欲,少女,,,
【 芮 】不良JK向｜JK妆｜日常向｜妆容分享,2020/6/25,https://www.bilibili.com/video/BV1Qv411B7PF/,不良,叛逆,其他,,,
轻欧美泰式妆容 | 浓颜混血感 | 这个眼妆真实显眼大！,2020/7/1,https://www.bilibili.com/video/BV1iV411k7HR/,浓颜,成熟,姐,泰国,,
哥特暗黑风格妆容??从零画一个假双和眼窝,2020/7/8,https://www.bilibili.com/video/BV1az411v7Me/,暗黑,叛逆,其他,,,
学生日常清透妆容分享，超简单适合新手党，底妆大法秒哇！,2020/7/11,https://www.bilibili.com/video/BV1H54y1q71L/,清透,清纯,少女,,,
【Suzy】飒气&冷艳“坏姐姐” 兴风作浪必备妆容,2020/7/17,https://www.bilibili.com/video/BV1K5411a73a/,坏,叛逆,其他,,,
天呐！这个JENNIE风格妆容也太好看了叭！| 奶凶猫眼妆 | JENNIE灵感妆 | 甜飒系韩式舞台妆 | 手残党轻松get Jennie同款 | 猫眼妆,2020/7/21,https://www.bilibili.com/video/BV1sC4y1b7FW/,甜飒,甜酷,其他,韩国,,
【bell】夏日干净清爽的妆容分享,2020/7/22,https://www.bilibili.com/video/BV15v411q7E1/,清爽,清纯,少女,,,
13岁被叫阿姨!!大妈脸如何减龄？显小变嫩的干货妆容请收下！,2020/7/23,https://www.bilibili.com/video/BV1yf4y1R7Np/,减龄,少女,少女,,,
清透纯欲感绿茶妆| 圆脸单眼皮瑕疵皮也可以拥有的干净透明感|均价不超过50,2020/7/24,https://www.bilibili.com/video/BV1sp4y1i7mE/,纯欲,纯欲,少女,,,
ABG妆容分享｜裸色系金发亚裔轻欧美风辣妹妆容｜ASIAN BABY GIRL style,2020/7/25,https://www.bilibili.com/video/BV1jV411r7WX/,辣妹,甜辣,其他,欧美,,
超酷哥特式风格妆容｜改变自己从妆容出发,2020/7/26,https://www.bilibili.com/video/BV16a4y1a7HE/,酷,中性,其他,,,
【 芮 】日常元气！｜妆容分享,2020/7/26,https://www.bilibili.com/video/BV1PZ4y1g7Se/,元气,可爱,少女,,,
【长江以南】温柔 舒服的日常妆容分享｜闭嘴化妆,2020/8/2,https://www.bilibili.com/video/BV13V411z7EK/,温柔,温柔,少女,,,
秒杀朋友圈直男的纯欲茶艺妆！,2020/8/4,https://www.bilibili.com/video/BV1Dv411q79P/,纯欲,纯欲,少女,,,
【伪素颜温柔茶艺妆】瑕疵皮女生也能拥有的干净透明感妆容,2020/8/9,https://www.bilibili.com/video/BV1tk4y117hY/,透明,清纯,少女,,,
超强换脸术！暗黑哥特风格妆容！,2020/8/12,https://www.bilibili.com/video/BV1Zt4y1D7tH/,暗黑,叛逆,其他,,,
十级大眼术！lo娘万用甜心娃娃妆容，超适合拍照の粉色ins风lolita,2020/8/12,https://www.bilibili.com/video/BV1Bf4y197h7/,甜,可爱,少女,,,
纯欲系妆容,2020/8/14,https://www.bilibili.com/video/BV1Uk4y1m79P/,纯欲,纯欲,少女,,,
【啊毛amaoa】｜法式田园少女妆容分享 洛丽塔灵感妆容,2020/8/14,https://www.bilibili.com/video/BV1R64y1F7Xp/,洛丽塔,纯欲,少女,欧美,,
夏日饱满氧气look | 日系有机感妆容分享 | 探索清淡妆容的n+1天,2020/8/14,https://www.bilibili.com/video/BV1f64y1F7WL/,氧气,清纯,少女,日本,,
淡颜系秒杀直男！甜妹心动妆容,2020/8/15,https://www.bilibili.com/video/BV19i4y1u7o2/,甜,可爱,少女,,,
浓颜系妆容｜找准妆容风格｜长相平平也能惊艳出众,2020/8/20,https://www.bilibili.com/video/BV1mh411d7xt/,浓颜,成熟,姐,,,
【 芮 】氧气妆容｜日常向｜妆容分享,2020/8/20,https://www.bilibili.com/video/BV1a54y1e7Nr/,氧气,清纯,少女,,,
韩系温柔妆容分享 日常纯欲感 看起来干净又清爽～,2020/8/25,https://www.bilibili.com/video/BV1Lf4y1X7VA/,纯欲,纯欲,少女,韩国,,
【蝶栖】风格妆容，妆容展示部分很治愈～这大概就是仙女落泪吧～,2020/8/25,https://www.bilibili.com/video/BV11p4y1v7zn/,仙女落泪,清纯,少女,,,
【Suzy】混血感飙升！扁平脸必看浓颜妆容 轻松get立体五官,2020/8/26,https://www.bilibili.com/video/BV1mk4y1274h/,浓颜,成熟,姐,,,
[se7enlyyy】甜妹感up妆 |七夕约会妆容 | 简单易上手 看起来又温柔～,2020/8/27,https://www.bilibili.com/video/BV1WV411S78S/,甜,可爱,少女,,,
【paited by spencer】干净清透清新的妆容教程,2020/8/28,https://www.bilibili.com/video/BV1ja4y1E7RX/,清透,清纯,少女,,,
清透日常妆容?内附你们要的眉毛教程！！,2020/8/29,https://www.bilibili.com/video/BV1Lt4y1S7ib/,清透,清纯,少女,,,
上新 | 用平价产品化最贵的妆 干净简单的高级感妆容,2020/8/30,https://www.bilibili.com/video/BV1D54y1e7G3/,高级感,高贵,姐,,,
韩系淡妆 | 日常妆容分享 | 干净清爽的韩系妆容,2020/8/31,https://www.bilibili.com/video/BV1V54y1v7SF/,清爽,清纯,少女,韩国,,
【小丽】温柔?? 俘获男神学长 开学妆容分享 闪亮整个校园,2020/8/31,https://www.bilibili.com/video/BV1Vt4y1S7Gh/,温柔,温柔,少女,,,
【干货】开学换头I学妹清纯感妆容教程！,2020/9/1,https://www.bilibili.com/video/BV13D4y1m7HA/,清纯感,清纯,少女,,,
病娇风格妆容,2020/9/1,https://www.bilibili.com/video/BV1Si4y1M7CC/,病娇,叛逆,其他,,,
【美妆】日常版韩系高p漫画感妆容 可以画出门的网红感妆容￼精致五官狐狸眼,2020/9/2,https://www.bilibili.com/video/BV1ta4y1E7oS/,网红感,精致,其他,韩国,,
初秋气质学姐妆容 | 日常温柔～简约干净妆面,2020/9/3,https://www.bilibili.com/video/BV13K4y1e7NV/,温柔,温柔,少女,,,
原相机妆容|干净通透日系温柔妆，来着大脸妹的温柔,2020/9/4,https://www.bilibili.com/video/BV1fy4y1C7HW/,通透,清纯,少女,日本,,
日常辣妹妆｜平价化妆好物｜一盘眼影搞定所有妆容｜Venus Marble｜VM大理石眼影盘｜化妆技巧 | 新手 学生党请坐！,2020/9/4,https://www.bilibili.com/video/BV1it4y1S7hn/,辣妹,甜辣,其他,,,
妆容分享｜奶茶系妆容太温柔啦！！！！,2020/9/7,https://www.bilibili.com/video/BV1py4y1y77Z/,温柔,温柔,少女,,,
甜酷奶凶妆容|男朋友都舍不得凶你了！,2020/9/10,https://www.bilibili.com/video/BV1Y5411b7ws/,甜酷,甜酷,其他,,,
开学季!初恋蜜桃妆容分享,2020/9/10,https://www.bilibili.com/video/BV1t64y1F74N/,初恋,清纯,少女,,,
男生日常妆容分享 | 好皮肤的伪素颜秘密 | 都给我变好看！,2020/9/15,https://www.bilibili.com/video/BV1VK4y1a7fF/,伪素颜,自然,其他,,,
初秋日系妆容分享 | 新手入门级 | 清透质感与浓郁色彩,2020/9/15,https://www.bilibili.com/video/BV125411b7eB/,清透,清纯,少女,日本,,
少女感初恋妆｜清透温柔妆容分享,2020/9/20,https://www.bilibili.com/video/BV1ef4y1D7PM/,少女感、初恋、清透,少女,少女,,,
【森系仙女妆容】路人甲秒变校花,2020/9/23,https://www.bilibili.com/video/BV1n541187FB/,仙女,清纯,少女,,,
野芽郁连哭都好看！｜真·仙女落泪妆容分享｜仿妆不仿人啦～,2020/9/29,https://www.bilibili.com/video/BV1XV41117bx/,仙女落泪,清纯,少女,日本,,
Happyrim★美容室室长给顾客打造清爽干净婚礼妆容,2020/10/3,https://www.bilibili.com/video/BV1iT4y1c7eU/,清爽,清纯,少女,,,
港风风格妆容教程|简单好上手的女人味妆容,2020/10/6,https://www.bilibili.com/video/BV1bk4y1C7LW/,女人味,性感,姐,香港,,
华丽变身摩登女孩！ins点赞上万的Y2K千禧妆容，出街回头率100%,2020/10/9,https://www.bilibili.com/video/BV1iV41127g9/,Y2K,叛逆,其他,,,
秋日奶油南瓜妆容慵懒随性 让整个人干净自然 复古感十足～一起get秋日温柔南瓜吧,2020/10/10,https://www.bilibili.com/video/BV1854y1R7NY/,温柔,温柔,少女,,,
【睿】清凉感的日杂妆容｜空气感斩男妆 干净舒服,2020/10/13,https://www.bilibili.com/video/BV1vy4y1C7eb/,斩男,纯欲,少女,日本,,
干货！元气少女感妆容技巧！古灵精怪少女妆容分享 学生党平价妆容,2020/10/15,https://www.bilibili.com/video/BV1454y1R7hN/,元气,可爱,少女,,,
【YOMI】原相机妆容｜温柔又元气的初秋氛围妆,2020/10/15,https://www.bilibili.com/video/BV1PZ4y1L7jW/,元气,可爱,少女,,,
要一杯杏仁奶咖吗？| 大五官秋日氛围感妆容分享 | 奶酷女友向,2020/10/17,https://www.bilibili.com/video/BV1JK411A7JQ/,奶酷,甜酷,其他,,,
秋冬清冷气质型妆容 / 把真金颗粒化在脸上,2020/10/19,https://www.bilibili.com/video/BV19t4y1Y7cN/,清冷,清冷,姐,,,
高级感满分的秀场妆容｜高冷氛围感｜零瑕疵底妆画法,2020/10/21,https://www.bilibili.com/video/BV19K4y177gL/,高冷,高冷,姐,,,
一口杏仁烤奶妆 | 日系氛围感，超简单的减龄妆容分享！瑕疵皮变也能画的可爱学生妆,2020/10/23,https://www.bilibili.com/video/BV17V411y7xM/,减龄,少女,少女,日本,,
【十八】做不了美女，但可以做氛围美女|温柔释怀氛围妆,2020/10/23,https://www.bilibili.com/video/BV1ei4y1779W/,温柔,温柔,少女,,,
化妆=整容！高颧骨方脸女孩变美逆袭 | 发型➕风格➕妆容 营造秋冬氛围感美女 | 甜酷女孩分享 | 发型 营造秋冬氛围感美女,2020/10/24,https://www.bilibili.com/video/BV1pa411A7zA/,甜酷,甜酷,其他,,,
咸味苏打｜高级清透妆容 新手都能get到的冷感素颜妆,2020/10/25,https://www.bilibili.com/video/BV1uA411E7zE/,清透,清纯,少女,,,
【多肉】“换头分享”｜甜酷辣妹妆容分享,2020/10/25,https://www.bilibili.com/video/BV1sA411E7pE/,甜酷、辣妹,甜酷、甜辣,其他,,,
万圣节病娇少女妆｜伤痕画法分享｜超易学的黑化丧甜万圣节妆容来啦～,2020/10/28,https://www.bilibili.com/video/BV18f4y1i7VQ/,病娇、丧甜,叛逆、甜丧,其他,,,
仙女结婚登记妆发|妆容分享|化最仙的妆 做最美的新娘,2020/10/28,https://www.bilibili.com/video/BV1ty4y1r7vn/,仙,清纯,少女,,,
秋日妆容分享|秋意满满|温柔缭人|简单易化,2020/10/29,https://www.bilibili.com/video/BV1eV411y7MC/,温柔,温柔,少女,,,
【韩国美妆·中字】Happyrim清潭洞美容室院长的冷色调妆容 清透妆容眼妆教程眼影高光修容遮瑕腮红精致教程突出重点亮片涂抹方法HAPPYRIM,2020/10/31,https://www.bilibili.com/video/BV1ir4y1w7Wr/,清透,清纯,少女,韩国,,
ioi | GRWM007 | 秋冬冷艳挂妆容 | 分享如何找到自己的风格 | 我的挂耳染新发色,2020/10/31,https://www.bilibili.com/video/BV1ja4y1s7MM/,冷艳,性感,姐,,,
短发轻复古妆容分享|可甜可酷|秒变辣妹|大片速成,2020/11/2,https://www.bilibili.com/video/BV1Hv411r7ze/,甜酷,甜酷,其他,,,
有人评论想要干净清爽的妆容，这条算不算？#变美那些事 #丑变美,2020/11/5,https://www.bilibili.com/video/BV1JD4y1R7k5/,清爽,清纯,少女,,,
伪素颜纯欲妆｜无眼影 妆容干净 自然好气色,2020/11/7,https://www.bilibili.com/video/BV1kA411j7iB/,纯欲,纯欲,少女,,,
嘉娜宝家的天使蜜粉?想要干净清爽的妆容夏天必备的控油定妆好物美妆 定妆 散粉 神仙散粉,2020/11/10,https://www.bilibili.com/video/BV1Yi4y1L7xY/,清爽,清纯,少女,,,
冬日温柔甜丧裸妆妆容丨三点亮片法,2020/11/10,https://www.bilibili.com/video/BV1Kt4y1e73X/,温柔,温柔,少女,,,
上课也能这么精神的原因居然是？零零后日常上学妆|打起精神去上学啦！！|清透日常,2020/11/11,https://www.bilibili.com/video/BV1wT4y1c7uk/,清透,清纯,少女,,,
韩妹粉糯妆容,2020/11/12,https://www.bilibili.com/video/BV12K411G7Gq/,粉糯,可爱,少女,韩国,,
春天就要画这种元气妆容，很温柔干净，这才是春天该有的样子眼妆眼影,2020/11/13,https://www.bilibili.com/video/BV1Gf4y1v7aZ/,温柔,乖巧,少女,,,
奶酷妆容｜妆面干净的修容干货来了！,2020/11/13,https://www.bilibili.com/video/BV1FK411V7xj/,奶酷,甜酷,其他,,,
心机女化妆了！日系清透白开水妆容,2020/11/13,https://www.bilibili.com/video/BV1Aa4y1x7Xe/,清透,清纯,少女,日本,,
想要可爱风格的妆容，选择不止有日韩风哦美妆教程 可爱,2020/11/14,https://www.bilibili.com/video/BV1pr4y1F7r3/,可爱,可爱,少女,,,
♡Suta|【攻气雅痞妆】斯文败类|老婆在吗,2020/11/23,https://www.bilibili.com/video/BV1sf4y1v7bk/,攻气,中性,其他,,,
秋冬氛围感妆容｜干净清爽的妆感一定要尝试一下｜看到最后的宝贝会有小惊喜秋冬分享 氛围感,2020/12/3,https://www.bilibili.com/video/BV1ta4y1W7vM/,清爽,清纯,少女,,,
【田芓】温柔多金富家小姐妆容,2020/12/7,https://www.bilibili.com/video/BV1BZ4y1g7nB/,温柔,温柔,少女,,,
【糖】无眼影氛围感妆容教程 | 干净温柔色调统一的冬日裸妆，非常简单， 新手友好，谁画谁好看！,2020/12/8,https://www.bilibili.com/video/BV1UK41137UK/,温柔,温柔,少女,,,
仿泡沫之夏大S尹夏沫妆容风格|清冷风日常妆|make up forever粉饼使用感受|瑕疵皮换脸术|GRWM,2020/12/9,https://www.bilibili.com/video/BV1u64y1f7Xa/,清冷,清冷,姐,中国,,
刘诗诗化妆师把我变成豪门千金？这才是高级定制妆容！【易烫】,2020/12/12,https://www.bilibili.com/video/BV1kK411376b/,千金,高贵,姐,中国,,
怎么改善凶脸？简单干净大地色妆容 大眼又温柔,2020/12/12,https://www.bilibili.com/video/BV1kZ4y1G77j/,温柔,温柔,少女,,,
日常化妆技巧 化妆 上班妆 ol风干净的妆容，干练又大气,2020/12/15,https://www.bilibili.com/video/BV1Ra4y1H7N6/,大气,大气,姐,,,
全脸只需200元打造初恋妆容分享！超级适合学生党新手党！,2020/12/20,https://www.bilibili.com/video/BV1Si4y1c7LZ/,初恋,清纯,少女,,,
圣诞妆怎么化 看艾尼斯暖冬风的妆容 简单 干净 大气的妆容你喜欢吗,2020/12/21,https://www.bilibili.com/video/BV1rT4y1M73Q/,大气,大气,姐,,,
谁画谁靓✧年底氛围感仙女落泪妆/永野芽郁仿妆,2020/12/23,https://www.bilibili.com/video/BV1bz4y1r7Sz/,仙女落泪,清纯,少女,日本,,
干净清透深邃大眼妆容,2020/12/28,https://www.bilibili.com/video/BV1Gv411t7He/,清透,清纯,少女,,,
【糖】又乖又喜庆的新年妆容教程|干净减龄的心机日常妆，也是适合穿汉服的古风妆,2020/12/31,https://www.bilibili.com/video/BV1of4y1e731/,减龄,少女,少女,中国,,
你的面面上线?_这期是一个妆容视频，是之前出底妆教程很多宝宝问的奶油杏子妆~_非常温柔可人，尤其和男朋友约会必备呦[害羞R]_重点?_底妆要呈现透亮,2021/1/9,https://www.bilibili.com/video/BV1Tr4y1T7K4/,温柔,温柔,少女,,,
18岁少女感妆容回归 | 超A御姐秒变清纯韩国校花,2021/1/9,https://www.bilibili.com/video/BV12T4y1N7e7/,清纯,清纯,少女,韩国,,
纯欲纯欲的妆容太干净惹～软妹子快get！_眼珠子 Moody-宇宙光波球_隔离 爱敬紫色隔离_定妆,2021/1/12,https://www.bilibili.com/video/BV1RX4y1K7Q1/,纯欲,纯欲,少女,,,
懒宅肥宅都秒变乖巧甜妹！圆脸mm必看！妈妈见了也不挑刺的超强亲切感|,2021/1/12,https://www.bilibili.com/video/BV1pf4y1k7fP/,甜,可爱,少女,,,
妆容分享| 泰式浓颜系妆容 轻混血感 thai tea永远的神,2021/1/18,https://www.bilibili.com/video/BV1yT4y1N7sq/,浓颜,成熟,姐,泰国,,
《女神降临》仿妆｜能和车银优恋爱的韩剧女主初恋脸｜淡颜漫画感【一枝南南】,2021/1/21,https://www.bilibili.com/video/BV1ny4y1p7vd/,初恋,清纯,少女,韩国,,
感觉没画什么，也能悄悄美很多｜近期爱画的简单易学氧气【妮可】,2021/1/22,https://www.bilibili.com/video/BV12f4y1k7dm/,氧气,清纯,少女,,,
来赶一个女生降临的末班车～_其实像我平时化妆其实也是换头级别了哈哈哈_眼妆要清透 上下眼线都可以话_打造出无辜的桃花眼的感觉～_整体的要！不要脏！_@时,2021/1/24,https://www.bilibili.com/video/BV1Fy4y1p7dN/,无辜,清纯,少女,韩国,,
纯欲氛围美女妆容教程｜换头就这么简单,2021/1/25,https://www.bilibili.com/video/BV1Uh411y7iq/,纯欲,纯欲,少女,,,
清冷感眼镜妆 | 斯文败类2.0,2021/1/26,https://www.bilibili.com/video/BV1Ar4y1K74s/,清冷,清冷,姐,,,
灵感妆容分享｜徒手变脸超甜lisa,2021/1/28,https://www.bilibili.com/video/BV1bN411o7ie/,甜,可爱,少女,韩国,,
【kajieri】清新氧气感妆容 干净舒服的日常裸妆,2021/1/29,https://www.bilibili.com/video/BV19h411k7vx/,氧气感、清新,清纯,少女,,,
原相机｜清透干净妆容,2021/1/29,https://www.bilibili.com/video/BV1dy4y1J7dY/,清透,清纯,少女,,,
·_秋冬季的也妆容一定要干净清透_高级感最重要的就是要注意眼妆的晕染_眼影盘用的是滋色灵蛇 紫红色调很适合秋冬_一根不晕的眼线笔是眼妆的灵魂_今天用的是un,2021/1/30,https://www.bilibili.com/video/BV1Et4y1B7xi/,清透,清纯,少女,,,
又纯又欲初恋感妆容 | 一边唠嗑一边化个超简单的妆,2021/1/31,https://www.bilibili.com/video/BV1Ro4y1R77H/,又纯又欲,纯欲,少女,,,
闰土的の妆容|看了都得喊帅哥！中性风万能妆容分享|原相机下的妆容挑战,2021/2/1,https://www.bilibili.com/video/BV1cp4y1s7bK/,中性风,中性,其他,,,
画一个心机满满的伪素颜妆容！get眼睛变圆变有神的小技巧,2021/2/3,https://www.bilibili.com/video/BV1So4y1R7Ex/,伪素颜,清纯,少女,,,
【韩系妆】超多干货的韩剧女主干净清透伪素颜妆容，还不快收藏～,2021/2/5,https://www.bilibili.com/video/BV15N411R719/,清透,清纯,少女,韩国,,
【化妆教程/记录】超飒的国风妆容！木兰2.0！干净！利落！谁化谁帅！,2021/2/6,https://www.bilibili.com/video/BV13A411g7p3/,飒、帅,中性,其他,中国,,
绿茶妆最关键的就是底妆，选用滋润服贴的粉底液，打造出高级、、自然的裸妆感，就事半功倍辣！用不同色号的粉底液自然过渡，增强五官立体感～_眼妆不用太复杂，大,2021/2/8,https://www.bilibili.com/video/BV1GT4y1P7xs/,绿茶,纯欲,少女,,,
最近在鼓捣不同风格的妆容，我发现自己真是个化妆小天才～[害羞R][害羞R]_今天给姐妹萌分析的是精致又妩媚的气质女神妆，温柔的截断式眼影和空气感头发，真的太适�,2021/2/8,https://www.bilibili.com/video/BV19h411y7zj/,妩媚,性感,姐,,,
约会必备妆容！摆脱卡粉起皮，清透底妆不自然你打我！,2021/2/13,https://www.bilibili.com/video/BV1D54y1a71G/,清透,清纯,少女,,,
【IPAD绘画】欧美暗黑风格-妆容绘画你学会了吗？？？,2021/2/14,https://www.bilibili.com/video/BV1vr4y1P7fC/,暗黑,叛逆,其他,欧美,,
【美妆】闭嘴化妆系列：恍若无妆的温柔杏仁风妆容,2021/2/18,https://www.bilibili.com/video/BV1QN411R7Hd/,温柔,温柔,少女,,,
干净又温柔的妆容，手把手变身白月光！,2021/2/19,https://www.bilibili.com/video/BV1h5411E7rX/,温柔,温柔,少女,,,
【化妆教程/记录】#无效化妆 vs #有效化妆 ，保姆级换头术，教你画出高级感！,2021/2/19,https://www.bilibili.com/video/BV1ay4y1J7JU/,高级感,高贵,姐,,,
_鲜花新娘干净通透的妆容，洒脱恣意，呼吸十足，柔美且清新,2021/2/19,https://www.bilibili.com/video/BV1W5411N76Z/,通透,清纯,少女,,,
Happyrim★GRWM美容室室长染发后的小嘻哈风格妆容,2021/2/20,https://www.bilibili.com/video/BV1Nf4y167hV/,嘻哈风格,叛逆,其他,,,
单眼皮天生就有辣妹潜质！圆脸也能画的甜酷妆容,2021/2/21,https://www.bilibili.com/video/BV1KN41197ST/,甜酷、辣妹,甜酷、甜辣,其他,,,
如何打造甜美少女｜超上镜的春日妆容｜适合拍照,2021/2/23,https://www.bilibili.com/video/BV1kp4y1n7zJ/,甜美,可爱,少女,,,
清纯干净甜妹妆?给妆容做减法,2021/2/23,https://www.bilibili.com/video/BV1B5411N79c/,甜,可爱,少女,,,
原相机清爽干净的温柔日常妆容｜新手必看！,2021/2/23,https://www.bilibili.com/video/BV1ch411k76H/,清爽,清纯,少女,,,
土豆变拽妹 亚洲女生肉肉脸紫的紫灰色高级感妆容分享｜天海,2021/2/25,https://www.bilibili.com/video/BV13K4y1H78z/,高级感,高贵,姐,,,
最近喜欢的风格 空气感纯欲妆容 有效妆容底妆一定要干净.#苹果原相机#后置#,2021/3/1,https://www.bilibili.com/video/BV1er4y1A7Q8/,纯欲,纯欲,少女,,,
好的上妆工具让你的妆容干净通透，开启愉悦的一天,2021/3/3,https://www.bilibili.com/video/BV1nV411v7FA/,通透,清纯,少女,,,
适合圆脸mm的浓颜妆～hold住原相机的猫系网感妆容,2021/3/5,https://www.bilibili.com/video/BV1Gy4y177v7/,浓颜,成熟,姐,,,
又纯又欲！清纯钓系！微醺氛围妆太绝了！,2021/3/5,https://www.bilibili.com/video/BV1tA411K75o/,又纯又欲、微醺,纯欲,少女,,,
花卉·阳光·空气感清透干净的妆容分享,2021/3/5,https://www.bilibili.com/video/BV1e54y1h7xj/,清透,清纯,少女,,,
白月光妆容｜清冷感就是坠仙的,2021/3/9,https://www.bilibili.com/video/BV1hV411v7KN/,清冷,清冷,姐,,,
纯欲&日常眼镜妆｜女大学生的春天,2021/3/10,https://www.bilibili.com/video/BV1Yv411h7Qt/,纯欲,纯欲,少女,,,
整容级 长脸缩短丨打造幼萌少女感妆容,2021/3/11,https://www.bilibili.com/video/BV1c64y1D78M/,少女感,少女,少女,,,
无辜又迷人眼妆｜眼睑下至画法｜打破眼妆公式｜无眼影无色彩分享教学｜自然｜眼睑下至画法,2021/3/11,https://www.bilibili.com/video/BV1gZ4y1P76R/,无辜,清纯,少女,,,
周也白雪公主仿妆｜普通人变富家千金脸！新手必收藏妆容！,2021/3/12,https://www.bilibili.com/video/BV1F64y1D7AS/,千金,高贵,姐,中国,,
适合春天的干净妆容 ｜纯净彩妆系列｜clean beauty,2021/3/16,https://www.bilibili.com/video/BV1y54y187Bc/,纯净,清纯,少女,,,
干净帅气的中性风妆容~,2021/3/16,https://www.bilibili.com/video/BV1Ry4y1878P/,中性风,中性,其他,,,
全站最好上手的yk2风格妆容，谁还不是个年轻辣妹？,2021/3/20,https://www.bilibili.com/video/BV1xU4y1a7F6/,辣妹,甜辣,其他,,,
妆容分享|甜妹妆容|口红多用：又当眼线、又当腮红,2021/3/20,https://www.bilibili.com/video/BV19K4y1U7Rf/,甜,可爱,少女,,,
回头率100%的浓颜泰式混血妆！气场十足轻欧美妆容分享,2021/3/22,https://www.bilibili.com/video/BV1WK4y1T7Bd/,气场,自信,姐,泰国,,
妈生美貌伪素颜妆｜普通人颜值最大化｜新手必看！,2021/3/24,https://www.bilibili.com/video/BV1TA411K7kC/,伪素颜,自然,其他,,,
超干净自然清透春游妆容｜变身,2021/3/25,https://www.bilibili.com/video/BV1uy4y1t7Cy/,清透,清纯,少女,,,
嘻嘻｜可甜可盐 春日氛围感妆容,2021/3/28,https://www.bilibili.com/video/BV16B4y1P7rT/,可甜可盐,甜酷,其他,,,
以七宗罪为灵感的超酷特效妆容,2021/3/30,https://www.bilibili.com/video/BV1Gv41187fh/,酷,中性,其他,,,
清纯少女妆｜倒置眼影太香了！！,2021/3/31,https://www.bilibili.com/video/BV115411w7j6/,清纯,清纯,少女,,,
化妆显老不如不画？超详细新手入门妆容解析 幼态减龄 建议收藏,2021/4/2,https://www.bilibili.com/video/BV1X54y1t7m3/,减龄,少女,少女,,,
会这一个就够了！超实用圆脸日常妆教程！早春清透妆容｜学生党平价推荐｜纯欲可爱风｜新手妆教,2021/4/2,https://www.bilibili.com/video/BV15i4y1N7fn/,纯欲,纯欲,少女,,,
司藤仿妆 | 景甜同款柳叶眉 | 人间富贵花·民国大小姐妆容【一枝南南】,2021/4/6,https://www.bilibili.com/video/BV1MU4y1h7Jz/,富贵,贵气,姐,中国,,
伪素颜妆容｜单眼皮高级感干净自然妆容怎么画？,2021/4/6,https://www.bilibili.com/video/BV1yK4y1N7NL/,伪素颜,清纯,少女,,,
低妆感清透日常妆容 | 氛围拉满 ！沉浸式化妆,2021/4/8,https://www.bilibili.com/video/BV1cA411L7Q5/,清透,清纯,少女,,,
圆脸就要放大五官！超实用浓颜妆！变身人间聚光灯！平价彩妆｜学生党教程｜韩系妆,2021/4/9,https://www.bilibili.com/video/BV1Rp4y187x6/,浓颜,成熟,姐,韩国,,
过年回家四姑八姨都看不出来的无眼影的妆容，干净清爽，单纯好看,2021/4/9,https://www.bilibili.com/video/BV1oX4y1u7aZ/,清爽,清纯,少女,,,
一个清冷妆容需要多少步骤,2021/4/10,https://www.bilibili.com/video/BV1Xf4y1W7fN/,清冷,清冷,姐,,,
低饱和欧美妆放下刘海1秒切换超A漫画脸｜妆容分享,2021/4/14,https://www.bilibili.com/video/BV1hV411H7U9/,超A,中性,其他,欧美,,
春日轻甜妆｜一起去看春天的樱花吧！写真拍摄&妆容分享,2021/4/14,https://www.bilibili.com/video/BV1EK4y1K7p2/,甜,可爱,少女,,,
心机减龄妆容，秒变高中生！谁看得出我生过娃......,2021/4/15,https://www.bilibili.com/video/BV1eK4y1K7pn/,减龄,少女,少女,,,
再不走要迟到啦！5min单眼皮清透上学妆 | 新手日常元气妆容分享,2021/4/16,https://www.bilibili.com/video/BV1nK411F7iG/,清透,清纯,少女,,,
长脸女孩可以get的清透妆容！！无高光画法真香/降低凶凶感的日常！,2021/4/17,https://www.bilibili.com/video/BV1ay4y1471f/,清透,清纯,少女,,,
底妆干货！痘肌瑕疵皮如何拥有干净无暇妆感 | 日杂感清透分享,2021/4/23,https://www.bilibili.com/video/BV1s64y1i78R/,清透,清纯,少女,日本,,
金晨仿妆！直男斩春日轻透纯欲妆容分享,2021/4/25,https://www.bilibili.com/video/BV1sQ4y1Z737/,纯欲,纯欲,少女,中国,,
化了个适合春夏的妆容 清透的感觉 很干净,2021/4/27,https://www.bilibili.com/video/BV1Fv411j7dj/,清透,清纯,少女,,,
嘻嘻｜日系甜妹妆,2021/4/27,https://www.bilibili.com/video/BV1qB4y1c7dx/,甜,可爱,少女,日本,,
春季粉绿色透明感ins妆容分享【49】,2021/4/28,https://www.bilibili.com/video/BV1xp4y1b7AE/,透明,清纯,少女,,,
【清透伪素颜妆】干净清透的妆容｜伪素颜自然感,2021/5/1,https://www.bilibili.com/video/BV1Nh411m7N6/,清透,清纯,少女,,,
【dayeon】90年代颓废（grunge）风格妆容,2021/5/6,https://www.bilibili.com/video/BV1Y54y157UJ/,颓废,叛逆,其他,,,
1分钟跟着学甜酷辣妹妆！换个妆容换个风格！新挖出来的！,2021/5/6,https://www.bilibili.com/video/BV16y4y1p7Jy/,辣妹,甜辣,其他,,,
春日氛围感纯欲妆！太温柔了！,2021/5/7,https://www.bilibili.com/video/BV1yV411779T/,纯欲,纯欲,少女,,,
闪闪动人的清透妆容，无暇底妆干净细腻,2021/5/9,https://www.bilibili.com/video/BV1h64y127ye/,清透,清纯,少女,,,
【自然通透妆容】干净无暇底妆，日常又简单,2021/5/9,https://www.bilibili.com/video/BV1rQ4y1d7PT/,通透,清纯,少女,,,
【木芯】5种彩妆单品打造出行胶囊化妆包｜日常清透颜？浓郁娇娇女？可以freestyle,2021/5/9,https://www.bilibili.com/video/BV1RQ4y1d73H/,清透,清纯,少女,,,
清纯高级感满满的妆容～妆面超级干净～提升气质的必备妆容(^ ^),2021/5/10,https://www.bilibili.com/video/BV1oh411e7qu/,清纯,清纯,少女,,,
巨上镜！谁画谁是人间水蜜桃！毕业照超适合！甜美系妆教｜拍照写真｜伪造好皮肤｜可爱减龄嫩妹妆学生党日常妆,2021/5/11,https://www.bilibili.com/video/BV1ZU4y1t7Qn/,甜美,可爱,少女,,,
新手入门妆容：简单干净温柔的伪素颜妆啦，淡妆、裸妆,2021/5/13,https://www.bilibili.com/video/BV1B64y127dH/,伪素颜,清纯,少女,,,
教你干净帅气的中性风妆容~,2021/5/13,https://www.bilibili.com/video/BV1r54y157MJ/,中性风,中性,其他,,,
[杨可kyra]平平无奇的换头术之裸棕色系混血轻欧美妆容 新手入门级欧美妆教程,2021/5/14,https://www.bilibili.com/video/BV1yy4y1p7GT/,轻欧美妆,成熟,姐,欧美,,
【吖是草莓啊】AI建模妆｜立体修容法手把手教学｜学会你的立马精致三个度｜,2021/5/15,https://www.bilibili.com/video/BV1Fp4y1t74s/,精致,精致,其他,,,
【吖是草莓啊】AI建模妆｜立体修容法手把手教学｜学会你的妆容立马精致三个度｜,2021/5/15,https://www.bilibili.com/video/BV1Fp4y1t74s/,精致,精致,其他,,,
原相机520钓系约会妆容，纯纯的夏日欲感!,2021/5/15,https://www.bilibili.com/video/BV1Y64y1C76Y/,钓系 欲感,性感,姐,,,
辣妹日常妆容/夏日如何保持干净底妆,2021/5/18,https://www.bilibili.com/video/BV1j54y1V7GS/,辣妹,甜辣,其他,,,
干货毕业照妆容-上镜心机C位元气毕业照妆容分享/夏日清爽-最美毕业照tips,2021/5/19,https://www.bilibili.com/video/BV1TU4y1b7XX/,元气,可爱,少女,,,
漫画感～元气满满的撕漫少女妆！hold住原相机妆容第N弹～,2021/5/20,https://www.bilibili.com/video/BV1WV411j7aF/,元气,可爱,少女,,,
想知道漂亮妹妹们平时化哪种妆容风格的更多？ 美妆 妆前妆后 欧美妆,2021/5/20,https://www.bilibili.com/video/BV1e5411u7mo/,欧美妆,成熟,姐,欧美,,
157cm/135斤｜JK制服初体验｜初恋感人间水蜜桃妆容分享 ｜约会必备,2021/5/20,https://www.bilibili.com/video/BV1R5411u7GE/,人间水蜜桃,可爱,少女,,,
微甜微丧微醺妆 可甜可盐适合约会的不一样妆容 快画起来吧～,2021/5/21,https://www.bilibili.com/video/BV1Sh411v7as/,甜丧微醺 可甜可盐,甜酷,其他,,,
原相机 | 菱形脸 清新氧气感妆容✨温柔又日常～,2021/5/22,https://www.bilibili.com/video/BV1x5411u7Ji/,清新氧气感,清纯,少女,,,
【啊亮】美女学姐眼镜妆 | 清冷感斯文又温柔｜淡颜妆容分享,2021/5/23,https://www.bilibili.com/video/BV1hy4y1g7UR/,淡颜 温柔,温柔,少女,,,
人人都是奶包子！超简单甜妹系妆教！变身包子脸小技巧！可爱嘟嘟脸tips｜圆脸腮红教程｜日常学生党通勤,2021/5/23,https://www.bilibili.com/video/BV1aQ4y1R7Qt/,甜妹 可爱,可爱,少女,,,
白开水女孩！玻璃感妆容！,2021/5/24,https://www.bilibili.com/video/BV1Wf4y1h7pF/,白开水,清纯,少女,,,
找到适合自己的面部妆容风格～后天美女养成！五官扁平女生适合的高级质感分享,2021/5/24,https://www.bilibili.com/video/BV1rq4y1E7db/,高级,高贵,姐,,,
素颜感短发通勤妆｜无眼影也很飒自从叛逆剪了短发之后‍♀️日常通勤也利落了很多,2021/5/25,https://www.bilibili.com/video/BV1Ef4y1h7ax/,素颜感 飒,自然,其他,,,
GRWM | 画个气质满满的清凉妆容 | 幸福感生活好物分享！,2021/5/25,https://www.bilibili.com/video/BV1kf4y1h7Es/,清凉,清纯,少女,,,
三倍放大双眼的的漫画脸妆容?化身二次元少女,2021/5/28,https://www.bilibili.com/video/BV1uK4y1R7fW/,漫画脸 二次元,可爱,少女,,,
[杨可kyra]亚洲人怎么画出立体混血感的裸棕色欧美妆|新手日常截断眼妆教程,2021/5/29,https://www.bilibili.com/video/BV17q4y1j7Hb/,立体混血感,成熟,姐,欧美,,
普通女孩如何快速成为校花？初恋脸伪素颜妆容秘籍,2021/5/31,https://www.bilibili.com/video/BV11N411Z7sm/,初恋脸 伪素颜,清纯,少女,,,
新手正确化妆思路！看看你真的会化妆吗？妆容怎么画才能又精致,2021/6/2,https://www.bilibili.com/video/BV1ry4y137Us/,精致,精致,精致,,,
春晚的妆容都干净精致，你的眼妆还画的显脏吗？ 化妆分享 春暖中国,2021/6/2,https://www.bilibili.com/video/BV1nw411Z7aB/,精致,精致,精致,,,
日系漫画感|路人变脸JK清纯少女？夏日海盐汽水妆,2021/6/3,https://www.bilibili.com/video/BV1uV411471U/,清纯 漫画感,清纯,少女,日本,,
【无滤镜原相机】普通人的 伪素颜妆哪有那么好看,2021/6/3,https://www.bilibili.com/video/BV18b4y1Z7eW/,伪素颜妆,清纯,少女,,,
千禧辣妹妆容分享｜绿色眼影yyds！,2021/6/6,https://www.bilibili.com/video/BV1ny4y137Fg/,辣妹,甜辣,其他,,,
清冷淡颜妆 | 闭嘴化妆 | 妆容分享,2021/6/8,https://www.bilibili.com/video/BV1PB4y1M7wZ/,清冷 淡颜,清冷,姐,,,
男生日常妆容教程｜手把手教你干净伪素颜‼️,2021/6/10,https://www.bilibili.com/video/BV1Mf4y1875s/, 伪素颜,清纯,少女,,,
泰式混血感～适合扁平脸的立体浓颜妆容｜hold住原相机妆容第N弹,2021/6/11,https://www.bilibili.com/video/BV1e64y1R7Mt/,泰式混血感,成熟,姐,泰国,,
【吖是草莓啊】新手收藏级干货｜白开水系上镜日常妆｜调整上镜左右脸不对称｜皮相骨相两方面调整变美,2021/6/11,https://www.bilibili.com/video/BV1Yb4y1d7Mi/,白开水,清纯,少女,,,
【封封】超日常汉服妆容教程｜百搭古风妆面｜干净又温柔,2021/6/11,https://www.bilibili.com/video/BV1S64y1R7Kp/,温柔,温柔,少女,,,
【妍盐】无风格出门妆·又美又酷就是玩儿,2021/6/14,https://www.bilibili.com/video/BV14o4y1k7MS/,美酷,成熟,姐,,,
GRWM 干净明媚感妆容分享 | 闷热天气里的持久底妆小心机,2021/6/15,https://www.bilibili.com/video/BV1Z5411K7Db/,明媚,清纯,少女,,,
30岁 在大学被要号码？这元气减龄妆 yyds快学！,2021/6/16,https://www.bilibili.com/video/BV1Qg411g7cS/,元气减龄,可爱,少女,,,
高级感妆容的秘诀我认为是干净有光泽的底妆大地色眼影yyds强调眼线和睫毛从而使眼睛更有神,2021/6/16,https://www.bilibili.com/video/BV1o44y1B7Sb/,高级感,高贵,姐,,,
超简便面试妆容|干净快速的出门！给hr最清新自然亮眼的第一印象！,2021/6/21,https://www.bilibili.com/video/BV1x64y1r7DV/,自然,自然,其他,,,
英气感乌发红唇妆容 | 浓眉深目港风妆容,2021/6/22,https://www.bilibili.com/video/BV1DX4y1A7sc/,英气港风,成熟,姐,香港,,
良潇｜夏日妆容撩人钓系美女·进阶版纯欲妆｜干净又温柔,2021/6/23,https://www.bilibili.com/video/BV1eb4y1C71V/,纯欲,纯欲,少女,,,
甜丧病娇系妆容 短发酷女孩 Makeup,2021/6/25,https://www.bilibili.com/video/BV1tB4y1K7nT/,甜丧 病娇,甜丧,其他,,,
韩式甜系微醺蜜桃妆适合可爱的你！今天教大家韩系气质妆容，打造底妆和的自然，是不是很可爱？,2021/6/26,https://www.bilibili.com/video/BV1aw411o7G8/,微醺 蜜桃,纯欲,少女,韩国,,
MOTD｜黄皮的春天～黄皮女孩能驾驭的干净气质精致妆容,2021/6/26,https://www.bilibili.com/video/BV1k64y197Hd/,精致,精致,其他,,,
30种不同风格妆容挑战第四日杂风格日系妆容，春天清新自然裸妆,2021/6/27,https://www.bilibili.com/video/BV1D44y1B7nd/,清新自然,自然,其他,日本,,
【吖是草莓啊】保姆级教程｜夏季限定的氧气感泰妆｜适合亚洲人的混血感,2021/6/28,https://www.bilibili.com/video/BV1kw411o7RM/, 混血感,成熟,姐,泰国,,
又纯又甜的少女感妆容！清透无辜低妆感 ｜男女通吃，初恋yyds,2021/6/28,https://www.bilibili.com/video/BV1k64y197Rw/,纯甜 无辜,清纯,少女,,,
【吖是草莓啊】保姆级教程｜夏季限定的氧气感泰妆｜适合亚洲人的混血感妆容,2021/6/28,https://www.bilibili.com/video/BV1kw411o7RM/, 混血感,成熟,姐,泰国,,
微醺感雾粉玫瑰妆容/娇滴滴显气色 干净又温柔的招桃花妆,2021/6/28,https://www.bilibili.com/video/BV1xq4y1s7bf/,微醺 ,纯欲,熟女,,,
【夏日清透妆】好奇我妆容为啥这么干净的宝还不快来学清透的知识点,2021/7/1,https://www.bilibili.com/video/BV1Yh411h75g/,清透,清纯,少女,,,
猫系大眼甜酷日常妆容分享｜沉浸式化妆体验,2021/7/4,https://www.bilibili.com/video/BV1KK4y1M7wv/,甜酷,甜酷,其他,,,
圆脸塌鼻梁女生｜温温柔柔日常出门妆容,2021/7/5,https://www.bilibili.com/video/BV1ov411H75m/,温柔,温柔,少女,,,
【伪素颜妆】一看就会简单干净上学妆容,2021/7/5,https://www.bilibili.com/video/BV1F44y1q7ck/,伪素颜 干净,清纯,少女,,,
原相机 清透简易版泰式妆容 适合夏天！,2021/7/5,https://www.bilibili.com/video/BV1H64y1b7VB/,清透,清纯,少女,泰国,,
大眼甜辣妆容分享｜洋娃娃卷发yyds！,2021/7/6,https://www.bilibili.com/video/BV1Pq4y1W7KJ/,甜辣,甜辣,其他,,,
原相机 | 扁平脸 金敏喜灵感妆容！纯欲妆yyds！,2021/7/7,https://www.bilibili.com/video/BV1VM4y1M7Uw/,纯欲,纯欲,少女,韩国,,
千禧辣妹妆容分享｜火龙果色yyds！,2021/7/8,https://www.bilibili.com/video/BV1Fy4y1T7A9/,辣妹,甜辣,其他,,,
清冷感冷美人妆容|若即若离疏离感妆容,2021/7/9,https://www.bilibili.com/video/BV1L44y1q7PZ/,清冷,清冷,姐,,,
干净高级的杂志风妆容教程，赶紧拿出手机拍大片吧！,2021/7/9,https://www.bilibili.com/video/BV1NX4y1w7Ze/,高级,高贵,姐,,,
酷风格妆容,2021/7/9,https://www.bilibili.com/video/BV15B4y1N72L/,酷,成熟,姐,,,
【吖是草莓啊】亚洲五官如何画出欧美超模妆3.0｜提拉立体骨相眼妆｜仙气轻欧美｜野生眉详细教程｜,2021/7/10,https://www.bilibili.com/video/BV1X44y1q7id/,仙气欧美妆,成熟,姐,欧美,,
偶尔干净的妆容,2021/7/11,https://www.bilibili.com/video/BV1G64y147yB/,干净,清纯,少女,,,
妆前乳 妆容干净通透又服帖，我全靠它,2021/7/11,https://www.bilibili.com/video/BV11v411J77m/,通透,清纯,少女,,,
果然扁平方脸的女生就很适合化轻欧美妆～,2021/7/11,https://www.bilibili.com/video/BV1so4y1X71q/,轻欧美妆,成熟,姐,欧美,,
绿色眼影妆容|绿野仙踪仙气精灵妆,2021/7/13,https://www.bilibili.com/video/BV1bB4y1N7Ww/,仙气,清纯,少女,,,
干净的妆容第一步就是无暇底妆 快学～,2021/7/14,https://www.bilibili.com/video/BV19B4y1N7DY/,干净,清纯,少女,,,
圆脸塌鼻梁女生｜谁画谁可爱的粉色系妆容！,2021/7/15,https://www.bilibili.com/video/BV1q44y127fF/,可爱,可爱,少女,,,
夏日系超清凉绿色系眼影妆容|做一颗清爽干净牛油果,2021/7/16,https://www.bilibili.com/video/BV1wv411n7FT/,清爽,清纯,少女,,,
圆脸菱形脸试试这么化女团幼态妆吧！真的显得可爱又干净！分享,2021/7/17,https://www.bilibili.com/video/BV1sy4y1T77j/,幼态可爱,可爱,少女,,,
【白桃子】素颜丑但会化妆，这算不算换头呢｜韩系甜美妆容,2021/7/18,https://www.bilibili.com/video/BV1G44y127hh/,甜美,可爱,少女,韩国,,
你和干净妆容只差一支bb霜 欧尼教你干净无暇的妆容美出高级感,2021/7/18,https://www.bilibili.com/video/BV1kB4y1N7qZ/,高级,高贵,姐,,,
毕业季！面试妆容看这里｜干净自然的妆容～面试成功率百分百,2021/7/19,https://www.bilibili.com/video/BV1Af4y157YE/,自然,自然,其他,,,
甜心巧克力酱妆容｜干净不显脏的大眼魔法｜简单得很,2021/7/19,https://www.bilibili.com/video/BV1Db4y1679r/,甜心,可爱,少女,,,
韩国人 无论妆容还是穿搭都喜欢干净清爽自然的风格#护肤,2021/7/19,https://www.bilibili.com/video/BV1dM4y1K7sT/,干净清爽自然,清纯,少女,韩国,,
超干净蜜桃天使妆容，我超级喜欢的色调搭配！,2021/7/19,https://www.bilibili.com/video/BV1uM4y1T7JP/,蜜桃天使,可爱,少女,,,
【吖是草莓啊】夏季限定｜油画感少女系妆容｜少女钝感骨相修容教程｜野生眉保姆级详细教程,2021/7/20,https://www.bilibili.com/video/BV1Yo4y1D7F9/,少女,少女,少女,,,
建议收藏！和我一起安静化妆~纯欲系混血感妆容！,2021/7/20,https://www.bilibili.com/video/BV1Yf4y1j7dd/,纯欲,纯欲,少女,,,
简单高效！1分钟找准妆容风格！“甜美”和“纯欲”两种流行如何拿捏？今天教大家一个简单高效的方法，根据两种眼妆的对比来找到最适合自己的,2021/7/20,https://www.bilibili.com/video/BV1aU4y1n7FX/,甜美 纯欲,纯欲,少女,,,
氧气感裸妆｜也太清透了吧嫩fufu掐出水妆容｜妆教｜美妆教程｜教程｜斩男妆｜裸色调｜水光感｜高光拌饭｜清透｜新手妆教｜学生党上班族｜约会,2021/7/23,https://www.bilibili.com/video/BV1144y127Q2/,氧气感 清透,清纯,少女,,,
炒鸡亚的大眼涩谷辣妹妆容分享来噜～,2021/7/24,https://www.bilibili.com/video/BV17w41197xN/,辣妹,甜辣,其他,日本,,
超火韩国学妹滤镜妆！清纯幼态妆容分享,2021/7/24,https://www.bilibili.com/video/BV14y4y1j7ab/,清纯幼态,少女,少女,韩国,,
【豆豆】5分钟画一个超干净妆容！清纯但不做作｜减龄幼态感,2021/7/26,https://www.bilibili.com/video/BV1Gh411z78U/,清纯 幼态,少女,少女,,,
青岛化妆培训洛丽塔风格妆容分享 这种洛丽塔风格妆容有喜欢的吗？让你瞬间秒变可爱女神,2021/7/26,https://www.bilibili.com/video/BV1YM4y1T7e3/,可爱洛丽塔,精致,其他,,,
假随意妆容分享|怎么才能看上像是随意化的妆却又很精致呢？,2021/7/26,https://www.bilibili.com/video/BV1744y117Fo/,精致,精致,其他,,,
5分钟懒人快速出门妆｜心机伪素颜｜别迟到啦｜妆容｜美妆｜美妆教程｜妆教｜伪素颜｜宅男妆｜学生上班｜清爽清纯妆｜新手化妆,2021/7/28,https://www.bilibili.com/video/BV11y4y1j7s2/,伪素颜,清纯,少女,,,
柔媚感～超适合圆脸mm的钓系氛围感妆容！hold住原相机第八弹,2021/7/30,https://www.bilibili.com/video/BV1Qf4y157Sx/,钓系 柔媚感,性感,姐,,,
烙色粉饼价格不过百，效果比肩贵十倍的香缇卡，控油柔焦瞬间，一秒变人间水蜜桃～我多年粉饼经验鉴定，这一块国货粉饼性价比绝绝子～我初恋脸的小秘密㊙️.,2021/7/30,https://www.bilibili.com/video/BV1J64y1x7vr/,人间水蜜桃 初恋,可爱,少女,,,
/unikong/一不小心掌握了法式妆容？无眼妆的精致感淡颜妆容教程,2021/7/30,https://www.bilibili.com/video/BV1xo4y1Q7sh/,淡颜,清纯,少女,欧美,,
怒减10岁显嫩妆！无敌狗狗眼画法｜漫撕萝莉初恋少女妆,2021/7/30,https://www.bilibili.com/video/BV1Nq4y1p7VW/,少女萝莉初恋,少女,少女,,,
【Suzy】拒绝盲目白幼瘦｜距离感美人 周也灵感妆,2021/7/31,https://www.bilibili.com/video/BV1EP4y1x7pz/,距离感,高冷,姐,中国,,
美国00后高中生的轻欧美妆容分享 边聊边化妆的英语vlog 来练听力吧,2021/8/3,https://www.bilibili.com/video/BV1264y1x74j/,轻欧美妆,成熟,姐,欧美,,
手残党懒人必备！5分钟快速出门元气妆,2021/8/4,https://www.bilibili.com/video/BV11L411n7H7/,元气,可爱,少女,,,
夏日清冷感妆容 | 氛围感的关键是色系统一,2021/8/4,https://www.bilibili.com/video/BV1fh411z762/,清冷,清冷,姐,,,
告别憔悴感！超级元气的少女妆容，这个夏天一起做人类高质量甜妹吧,2021/8/6,https://www.bilibili.com/video/BV1av411K7eN/,元气甜妹,可爱,少女,,,
又A又嗲巨撩人！普通女生也能驾驭的ABG辣妹妆！,2021/8/6,https://www.bilibili.com/video/BV1BU4y1J7un/,辣妹,甜辣,其他,,,
黄黑皮辣妹速进 | 夏日高级感古铜烟熏妆,2021/8/6,https://www.bilibili.com/video/BV1T44y127rx/,辣妹,甜辣,其他,,,
打造减龄少年感| 30岁女孩的日常盐系妆容,2021/8/7,https://www.bilibili.com/video/BV17y4y1L7gp/,少年感 盐系,高冷,姐,,,
少年感妆容｜干净底妆是关键｜,2021/8/8,https://www.bilibili.com/video/BV1eb4y1z7YQ/,少年感,中性,其他,,,
漫画少年感妆容分享|可甜可盐酷女孩,2021/8/14,https://www.bilibili.com/video/BV1964y1Y7eg/,少年感,中性,其他,,,
单眼皮厌世妆容教程视频,2021/8/15,https://www.bilibili.com/video/BV1ab4y1U7sW/,厌世,叛逆,其他,,,
傻白甜妆容,2021/8/16,https://www.bilibili.com/video/BV1Uq4y1n7jT/,傻白甜,可爱,少女,,,
超日常汉服妆容教程|干净温柔百搭古风妆 | 无滤镜无美颜超真实,2021/8/18,https://www.bilibili.com/video/BV1qM4y1L7H9/,温柔,温柔,少女,,,
【RINA】dreamcatcher打歌舞台仿妆｜暗黑娃娃风格妆容｜red sun歌曲分享,2021/8/19,https://www.bilibili.com/video/BV1WM4y1L7Wq/,暗黑,叛逆,其他,韩国,,
超减龄校花妆 简单四步 普通人必学 ~,2021/8/19,https://www.bilibili.com/video/BV1hh411i7WP/,减龄,少女,少女,,,
赵丽颖化妆师全！网！首！画！圆脸天花板温柔质感妆揭秘㊙️,2021/8/20,https://www.bilibili.com/video/BV1YP4y1s7Jh/,温柔,温柔,少女,中国,,
新手向开学妆容！手把手教你变一颗甜甜水蜜桃！简单干净好操作,2021/8/21,https://www.bilibili.com/video/BV17b4y1S7do/,水蜜桃,可爱,少女,,,
甜妹发型来啦,2021/8/24,https://www.bilibili.com/video/BV1hA411A7sw/,甜妹,可爱,少女,,,
当方脸遇上轻冷妆，特别是细眉，真的太好康了！,2021/8/26,https://www.bilibili.com/video/BV1cL4y1Y7Zg/,清冷,清冷,姐,,,
干净 精致的妆容教程沉浸式化妆,2021/8/31,https://www.bilibili.com/video/BV16b4y1m7Gd/,精致,精致,其他,,,
干净通透妆容真的yyds 单眼皮肿眼泡画都好看 分享妆容 原相机,2021/8/31,https://www.bilibili.com/video/BV1Cy4y1G7eS/,通透,清纯,少女,,,
日杂透明感妆容,2021/8/31,https://www.bilibili.com/video/BV1if4y1H7DH/,透明感,清纯,少女,日本,,
清透妆容分享,2021/9/1,https://www.bilibili.com/video/BV1E64y1Y7Rn/,清透,清纯,少女,,,
有幸被40万人看的妆？？纯过白开水的透明感妆容,2021/9/1,https://www.bilibili.com/video/BV1Cb4y1m76T/,透明感,清纯,少女,,,
黄皮显白妆容配色 | 清亮淡妆,2021/9/2,https://www.bilibili.com/video/BV1Jq4y1T7kj/,清亮,清纯,少女,,,
食物链顶端是姐姐！御姐妆容来咯~,2021/9/3,https://www.bilibili.com/video/BV1B3411i7Qa/,御姐,成熟,姐,,,
新生开学初印象分直接拉满！开学元气嫩妹妆完美hold住！学生党平价彩妆大分享！,2021/9/3,https://www.bilibili.com/video/BV1H64y1Y7db/,嫩,少女,少女,,,
夏日清透妆简单日常妆容断这么干净想你都找不到你姐无语了 眼妆,2021/9/3,https://www.bilibili.com/video/BV1Yv411P7ZX/,清透,清纯,少女,,,
妆容分享丨五百度近视也能打造无辜干净清晰自然的温柔学姐妆！,2021/9/3,https://www.bilibili.com/video/BV1xq4y1T77M/,温柔,温柔,姐,,,
普通人变辣妹，5分钟将颜值最大化，可日常可蹦迪的妆容快安排上！,2021/9/3,https://www.bilibili.com/video/BV1u34y1Q7eb/,辣妹,甜辣,其他,,,
圆脸塌鼻梁女生的日常妆容！粉粉嫩嫩的甜系妆容！,2021/9/7,https://www.bilibili.com/video/BV1d44y187LR/,粉粉嫩嫩 甜,可爱,少女,,,
淡妆干货！明星化妆师，给我化“清纯学妹妆”,2021/9/7,https://www.bilibili.com/video/BV1VL411t7Rp/,清纯,清纯,少女,,,
开学妆必备！日系OL清透干净通勤妆容｜学姐风温柔知性风格清爽又干练,2021/9/7,https://www.bilibili.com/video/BV1Hg411V7Ny/,清透,清纯,少女,日本,,
画中人仿妆｜织女轻古风妆容·清冷淡雅,2021/9/8,https://www.bilibili.com/video/BV1Ch411H7sL/,清冷,清冷,姐,中国,,
清纯校花开学妆｜首尔艺高学妹来报道,2021/9/8,https://www.bilibili.com/video/BV1Qq4y1U7QB/,清纯,清纯,少女,韩国,,
日本美妆博主的日常妆容分享 。非常经典的日系清新自然妆容，精致又的质感，遮瑕力满分不显厚重，姐妹们快快get起来～,2021/9/8,https://www.bilibili.com/video/BV1yq4y1T7S9/,清新自然,自然,其他,日本,,
又清纯又仙女的妆容,2021/9/9,https://www.bilibili.com/video/BV1f341117ks/,清纯,清纯,少女,,,
又纯又干净，初恋级白开水妆容，进阶版伪素颜！简单快速十分钟出门,2021/9/10,https://www.bilibili.com/video/BV1gf4y1n7XA/,纯 干净,清纯,少女,,,
四步立马改正新手化妆坏习惯，zui少的步骤画出干净清透的！教程 新手化妆教程 新手化妆 简单搞定清纯开学,2021/9/14,https://www.bilibili.com/video/BV1Gf4y1P7fN/,清透,清纯,少女,,,
开学妆容 这个妆太青春了哈哈哈哈,2021/9/14,https://www.bilibili.com/video/BV1S341117Xh/,青春,少女,少女,,,
一定要试试这种韩系清冷高级伪素颜妆容！太耐看啦！做他心目中温柔甜美的白月光！,2021/9/14,https://www.bilibili.com/video/BV11U4y1P7Rv/,清冷,清冷,姐,韩国,,
端庄大气中国妆——毛戈平风格妆容思路,2021/9/17,https://www.bilibili.com/video/BV18M4y1g7EY/,大气,大气,姐,中国,,
昭和风少女感妆容分享,2021/9/17,https://www.bilibili.com/video/BV1TQ4y1k7rf/,少女,少女,少女,日本,,
好喜欢今天这个清冷干净的妆容呀！眼妆 原相机 眼妆这样画，又好看！超简单！,2021/9/18,https://www.bilibili.com/video/BV19M4y1g7FR/,清冷,清冷,姐,,,
塌鼻梁女孩｜JK甜美妆容分享 清纯感max！秒变日系美少女～,2021/9/22,https://www.bilibili.com/video/BV1444y147Yd/,清纯,清纯,少女,日本,,
精致淡妆怎么化，空乘面试妆容大有讲究,2021/9/24,https://www.bilibili.com/video/BV18h411n7w7/,精致,精致,其他,,,
欧阳娜娜千金妆容仿妆～眼妆重点学！本圆脸尽力了,2021/9/26,https://www.bilibili.com/video/BV1BL4y1876B/,千金,高贵,姐,中国,,
新手进丨只需一步！仅用眉毛自由切换妆容风格~纯欲风丨御姐风丨甜酷风,2021/9/26,https://www.bilibili.com/video/BV1YM4y137wg/,甜酷,甜酷,其他,,,
纯欲温柔系学姐妆容分享，普通人也能又纯又欲，敲简单,2021/9/26,https://www.bilibili.com/video/BV1vL4y187BS/,纯欲,纯欲,少女,,,
90%的纯欲妆努力错方向了！！人中缩短--最高效的显幼魔法！完美花瓣唇教程！！都给我学！,2021/9/30,https://www.bilibili.com/video/BV1Cf4y1j7X4/,纯欲,纯欲,少女,,,
叫我富婆妆！五分钟甩掉廉价感的娜比出圈千金妆来了！,2021/9/30,https://www.bilibili.com/video/BV1Th411H7KM/,富婆、千金,高贵,姐,中国,,
圆脸优势最大化｜减龄幼态妆容｜高中生妹妹本人啊！,2021/10/1,https://www.bilibili.com/video/BV1tL411s7Yq/,减龄,少女,少女,,,
??韩国美妆｜喜欢干净清透的妆容,2021/10/1,https://www.bilibili.com/video/BV1WL411s7PN/,清透,清纯,少女,,,
【挑战100个妆容-第6期】富家千金仿妆高级质感妆容简单干净新手入门,2021/10/3,https://www.bilibili.com/video/BV1d34y1D7uV/,富家千金,高贵,姐,,,
灯闲之辈——妆容干净自然的秘诀竟然是一面镜子,2021/10/3,https://www.bilibili.com/video/BV18R4y1n7cV/,自然,自然,其他,,,
南韩z容模版洪秀珠妆容｜干净脸伪素颜天花板,2021/10/3,https://www.bilibili.com/video/BV1Vq4y1Z7XY/,伪素颜,自然,其他,韩国,,
韩国美女上班妆容分享！简单大气伪素颜妆,2021/10/6,https://www.bilibili.com/video/BV1mq4y1V7gq/,大气,大气,姐,韩国,,
宿舍换头系列｜干干净净的少年感妆容✉️,2021/10/7,https://www.bilibili.com/video/BV1bh411J7Sd/,少年感,中性,其他,,,
快速出门日常妆容 干净又元气,2021/10/8,https://www.bilibili.com/video/BV1Bf4y1c7Vg/,元气,可爱,少女,,,
学生清纯素颜眼镜妆容,2021/10/8,https://www.bilibili.com/video/BV1434y1U7fe/,清纯,清纯,其他,,,
小松菜奈灵感妆容·厌世雀斑妆,2021/10/10,https://www.bilibili.com/video/BV1n44y1x7G9/,厌世,叛逆,其他,日本,,
妆前妆后 适合御姐的干净妆容，弱化眼影+粉色口红，温婉又大气，太美啦～,2021/10/12,https://www.bilibili.com/video/BV1HR4y1H7eR/,御姐,成熟,姐,,,
无眼影妆容｜可盐可甜 干净利落?,2021/10/13,https://www.bilibili.com/video/BV1XP4y187at/,可盐可甜,甜酷,其他,,,
富家千金感～扁平圆脸必备的淡颜吸睛妆容｜hold住原相机系列,2021/10/15,https://www.bilibili.com/video/BV1VL411G7Kj/,富家千金,高贵,姐,,,
超多干货的韩剧女主干净清透伪素颜妆容,2021/10/17,https://www.bilibili.com/video/BV1GU4y1F7s7/,清透,清纯,少女,韩国,,
虽然我个大 但是我可爱学生党妆容,2021/10/17,https://www.bilibili.com/video/BV1zT4y1o7mo/,可爱,可爱,少女,,,
【吖是草莓啊】12星座平均脸仿妆｜千金感轻欧美妆｜眉眼深邃感修容保姆级教程,2021/10/18,https://www.bilibili.com/video/BV1n34y1m7mX/,千金,高贵,姐,,,
单眼皮|清透干净白开水妆容 淡颜天花板,2021/10/18,https://www.bilibili.com/video/BV1u34y1m7RE/,清透,清纯,少女,,,
风格妆容｜温温柔柔的一抹层次感的粉色眼妆,2021/10/20,https://www.bilibili.com/video/BV1SL4y1B7V2/,温柔,温柔,少女,,,
很日常的甜心风格妆容,2021/10/21,https://www.bilibili.com/video/BV1EP4y1b754/,甜心,可爱,少女,,,
【大盒】莫名画出来很有少年感的妆容！干净简单,2021/10/23,https://www.bilibili.com/video/BV1jR4y1J7Pp/,少年感,中性,其他,,,
倒放沉浸式化妆?简单干净的白开水妆容,2021/10/23,https://www.bilibili.com/video/BV1VQ4y1z7j4/,白开水,清纯,少女,,,
低饱和清冷干净日常妆容来啦（这名想的过于长...,2021/10/24,https://www.bilibili.com/video/BV1Lq4y1R7Fo/,清冷,清冷,姐,,,
性冷淡妆容风格｜万圣节妆容｜高级感,2021/10/24,https://www.bilibili.com/video/BV16b4y1h7es/,冷淡,高冷,姐,,,
Y2K｜00年代千禧辣妹风格妆容?,2021/10/25,https://www.bilibili.com/video/BV1CL4y1i7Zo/,辣妹,甜辣,其他,,,
小野猫能有啥坏心思？超适合圆脸女生的猫系辣妹妆！,2021/10/27,https://www.bilibili.com/video/BV14q4y1R7dd/,辣妹,甜辣,其他,,,
狐系妆容 | 温柔又魅惑 ? | 不要相信狐狸说的话,2021/10/29,https://www.bilibili.com/video/BV1bv411u7hP/,温柔 魅惑,纯欲,少女,,,
半个娱乐圈都在追的Y2K，没想到这么酷炫！#Y2K风格 # #分享,2021/10/31,https://www.bilibili.com/video/BV16h411874h/,Y2K,叛逆,其他,,,
理发店沉浸唠嗑化妆 干净清爽妆容 真的好上镜！！tony都夸好看的夏日妆,2021/11/1,https://www.bilibili.com/video/BV1jf4y1u7i2/,清爽,清纯,少女,,,
普通女生如何打造清透干净持久的妆容，混干皮必备底妆和技巧！苹果原相机拍摄15分钟快手，希望能帮仙女们在双十一拔草不踩坑,2021/11/1,https://www.bilibili.com/video/BV1nr4y1C7Q5/,清透,清纯,少女,,,
唐风真的是最富贵迷人眼的风格,2021/11/3,https://www.bilibili.com/video/BV1Qb4y1b71m/,富贵,贵气,姐,中国,,
??韩国美妆｜温柔女生的风格妆容??✨,2021/11/5,https://www.bilibili.com/video/BV1VT4y1d76K/,温柔,温柔,少女,韩国,,
风格妆容｜透明感黄&绿混搭时髦洋气秋季妆容,2021/11/5,https://www.bilibili.com/video/BV1QP4y1L7Yi/,透明感,清纯,少女,,,
3分钟搞定韩国清透空姐妆容，快速出门,2021/11/5,https://www.bilibili.com/video/BV1Kg411K7g5/,清透,清纯,少女,韩国,,
伪素颜眼妆进阶版！干干净净的妆真的很有好感～～,2021/11/6,https://www.bilibili.com/video/BV1sL4y1v7Lk/,伪素颜,自然,其他,,,
来自菌菌美妆好物分享，纯御系妆容～,2021/11/6,https://www.bilibili.com/video/BV1hL4y1q7cd/,御系,成熟,姐,,,
初雪伪素颜妆容｜干净清纯～,2021/11/7,https://www.bilibili.com/video/BV1Pv411M7wA/,清纯,清纯,少女,,,
学生党日常淡颜妆姐妹们，日常都画淡颜妆吧～真的很干净！很温柔！气质都很不同?日常上课就很适合这种的,2021/11/9,https://www.bilibili.com/video/BV1jg411K7cw/,温柔,温柔,少女,,,
韩系温柔女主｜秋冬干净氧气感妆容,2021/11/14,https://www.bilibili.com/video/BV1ZL4y1v7hd/,氧气,清纯,少女,韩国,,
风格妆容｜半截眼线混搭细闪的透明感妆容,2021/11/15,https://www.bilibili.com/video/BV1rS4y1d7QW/,透明感,清纯,少女,,,
天生美女妆 | 5分钟清透日常妆,2021/11/16,https://www.bilibili.com/video/BV12h411x7C7/,清透,清纯,少女,,,
脸上不需要很多色彩 低饱和度画出来的妆容真的干净又清爽 整体氛围都被的甜美感拿捏住,2021/11/16,https://www.bilibili.com/video/BV1XS4y1d7SM/,清爽,清纯,少女,,,
菱形脸不如试试这个高冷厌世妆容吧！眼妆干净 眉毛自然 鼻子立体！,2021/11/18,https://www.bilibili.com/video/BV1gr4y1k7QL/,厌世,叛逆,其他,,,
内双女孩✨干净清透妆容,2021/11/18,https://www.bilibili.com/video/BV1CU4y1M756/,清透,清纯,少女,,,
清新风格妆容,2021/11/18,https://www.bilibili.com/video/BV1Wq4y167Vn/,清新,清纯,少女,,,
风格妆容｜日常生活提升气色百搭透明感妆容,2021/11/20,https://www.bilibili.com/video/BV12S4y197gg/,透明感,清纯,少女,,,
秋招万能面试妆，大方温柔又气质！,2021/11/20,https://www.bilibili.com/video/BV1er4y1k7ue/,温柔,温柔,少女,,,
易梦玲风格妆容教程～给人感觉妩媚但是不妖艳，带一点纯欲，阔以试一试，感谢观看～,2021/11/21,https://www.bilibili.com/video/BV1CR4y1x7MU/,纯欲,纯欲,少女,中国,,
温柔女孩必学的本命发型,2021/11/23,https://www.bilibili.com/video/BV1b44y1Y7wm/,温柔,温柔,少女,,,
琉璃感病美人|宛若天生 极致清透妆容,2021/11/24,https://www.bilibili.com/video/BV1qf4y1K7gn/,清透,清纯,少女,,,
氛围感初秋日杂妆容，干净又温柔#妆容教程厌世妆，妆容教程！,2021/11/24,https://www.bilibili.com/video/BV1Y44y1Y79f/,温柔,温柔,少女,,,
学院风清透底妆｜简单干净服帖｜超级适合舒服的妆容,2021/11/26,https://www.bilibili.com/video/BV11F411b75j/,清透,清纯,少女,,,
脸上不需要很多色彩，低饱和度画出来的妆容真的干净又清爽，整个氛围都被的甜美感拿捏住！,2021/11/29,https://www.bilibili.com/video/BV13i4y1Z7aV/,清爽,清纯,少女,,,
2分钟精致淡妆温柔通勤妆，自然大方,2021/11/30,https://www.bilibili.com/video/BV18P4y137dv/,温柔,温柔,少女,,,
无眼影妆容 不化眼影妆容干净又温柔 太爱了,2021/12/1,https://www.bilibili.com/video/BV1444y1h71x/,温柔,温柔,少女,,,
无性别风yyds | 清冷长相的另一种妆容风格,2021/12/1,https://www.bilibili.com/video/BV1kS4y1X7Nr/,清冷,清冷,姐,,,
温柔大方明制发型，简单易学,2021/12/1,https://www.bilibili.com/video/BV1Rf4y1K74b/,温柔,温柔,少女,,,
东方氛围感清冷美女，华流yyds妆容教程 华流才是顶流,2021/12/3,https://www.bilibili.com/video/BV1Tq4y1z76u/,清冷,清冷,少女,,,
圆脸和甜妹妆就是坠配的！,2021/12/8,https://www.bilibili.com/video/BV1YR4y1s7tx/,甜妹,可爱,少女,,,
又清冷又钓系，又干干净净的妆容，安排起来,2021/12/8,https://www.bilibili.com/video/BV1GY411x7nU/,清冷,清冷,姐,,,
妆容分享｜清冷气质妆容,2021/12/8,https://www.bilibili.com/video/BV1jS4y197Wq/,清冷,清冷,姐,,,
聚会猎杀时刻！普通女孩也能化的财阀感复古名伶吸睛妆,2021/12/10,https://www.bilibili.com/video/BV1fi4y1R7Gd/,财阀,高贵,姐,,,
【吖是草莓啊】透明感骨相换头妆｜内外轮廓分区底妆法｜化妆小白学习骨相思路｜皮相化妆？no骨相化妆保姆级教程,2021/12/11,https://www.bilibili.com/video/BV1PP4y1G7DT/,透明感,清纯,少女,,,
方圆脸菱形脸试试清冷系纯yu妆容～干净的底妆 低饱和的眼影 微挑的眼线 饱满的唇型 氛围感美女直接拉满！，分享,2021/12/13,https://www.bilibili.com/video/BV1hg411w7Cg/,清冷,清冷,姐,,,
卸妆湿巾携带方便使用方便，妆容卸的干净皮肤通透才更好补充水分,2021/12/13,https://www.bilibili.com/video/BV1Lb4y1q7TT/,通透,清纯,少女,,,
秋冬氛围感妆容，干净清透的妆感永不过时,2021/12/14,https://www.bilibili.com/video/BV1RL4y1H7RN/,清透,清纯,少女,,,
冬季惹眼红唇妆容分享|杀街神妆|可盐可甜 这个冬天请把饱和度拉满❤️自信也拉满 AIMEE SUNG,2021/12/14,https://www.bilibili.com/video/BV12Q4y1a7vG/,可盐可甜,甜酷,其他,,,
男友见好想抱紧妆！清纯感无辜小哭包妆容 我见犹怜,2021/12/16,https://www.bilibili.com/video/BV1aZ4y1Q7Vq/,清纯,清纯,少女,,,
无眼影妆容真的又干净又清冷！！化妆分享 ，平价彩妆 ，新手化妆教程 ，原相机,2021/12/16,https://www.bilibili.com/video/BV1J34y197ph/,清冷,清冷,姐,,,
简单干净的清纯元气妆容，可太适合刚开学啦,2021/12/16,https://www.bilibili.com/video/BV1EP4y1H7Cn/,清纯,清纯,少女,,,
减法化妆！干净清透的伪素颜妆是天菜妆了,2021/12/19,https://www.bilibili.com/video/BV1rY411W7J7/,清透,清纯,少女,,,
夏天就要清爽干净 混血妆容也玩小清新 教程详细新手也能掌握,2021/12/22,https://www.bilibili.com/video/BV1ia41167eZ/,清爽,清纯,少女,,,
早春轻欧美粉嫩芭比妆容教程‼️,2021/12/22,https://www.bilibili.com/video/BV1mR4y1W7Jf/,芭比,精致,其他,欧美,,
千禧年辣妹妆?妆容教程来了！,2021/12/25,https://www.bilibili.com/video/BV1j44y1777n/,辣妹,甜辣,其他,,,
【奢欲系妆容教程来啦！】,2021/12/27,https://www.bilibili.com/video/BV1nr4y1m7SX/,奢欲,贵气,姐,,,
整个妆容干净清爽，细腻服帖,2021/12/28,https://www.bilibili.com/video/BV1du411S7pX/,清爽,清纯,少女,,,
傻瓜式欧美眼线画法?辣妹妆容精髓✨,2021/12/28,https://www.bilibili.com/video/BV1iZ4y1D7fL/,辣妹,甜辣,其他,欧美,,
轻暗黑｜坏蛋高冷酷妹｜轻欧美妆容分享,2021/12/28,https://www.bilibili.com/video/BV1yS4y1f75r/,高冷,高冷,姐,,,
减龄10岁的日常桃花blingbling眼妆，90后老阿姨最后的挣扎[捂脸R] 年轻最主要是、粉嫩☝?这个妆主,2021/12/29,https://www.bilibili.com/video/BV19Z4y1D7Ln/,减龄,少女,少女,,,
单眼皮清透感妆容｜日常干净,2021/12/30,https://www.bilibili.com/video/BV1Du411S7nu/,清透,清纯,少女,,,
果然还是女生最懂女生｜戴眼镜的斯文败类妆｜超A中性风妆容分享,2021/12/30,https://www.bilibili.com/video/BV1ZS4y1M7b5/,A,中性,其他,,,
辣妹必备烟熏妆，水泥色妆容高级感满满烟熏妆化妆刷,2022/1/2,https://www.bilibili.com/video/BV1ED4y1w7sd/,辣妹,甜辣,其他,,,
原来不画眼影的妆容这么干净好看 超级简单少女感妆容,2022/1/4,https://www.bilibili.com/video/BV1WY41187Rk/,少女,少女,少女,,,
普通胖女孩化妆|找对适合自己的妆容风格 化一个精致的换头纯欲妆,2022/1/4,https://www.bilibili.com/video/BV1A3411e7Ev/,纯欲,纯欲,少女,,,
秋冬淡颜奶杏妆容丨手把手分享丨肤况不好也能拥有干净清透的底妆,2022/1/5,https://www.bilibili.com/video/BV1jr4y1U7sU/,清透,清纯,少女,,,
欧美辣妹日常妆容教程分享～你学会了吗？,2022/1/5,https://www.bilibili.com/video/BV1wr4y1v7c1/,辣妹,甜辣,其他,欧美,,
可爱温柔系白开水妆容｜心机甜妹清纯感眼妆,2022/1/6,https://www.bilibili.com/video/BV1v44y1j72U/,清纯,清纯,少女,,,
超清新的一个妆容，干净又高级 ，最重要是真的不用花特别多时间在化妆上面，随便搭配一下就质感爆棚，这个漫画睫毛真的吼吼看呀[奥特曼],2022/1/6,https://www.bilibili.com/video/BV1834y1q73w/,清新,清纯,少女,,,
把2021年所有流行妆容画在脸上，这就是大火的纯欲风吗？,2022/1/7,https://www.bilibili.com/video/BV1g34y167iX/,纯欲,纯欲,少女,,,
教程❗️今天是温柔千金妆容,2022/1/8,https://www.bilibili.com/video/BV19b4y1n7fi/,千金,高贵,姐,,,
【辣米中字】干净清透裸感妆容！圆脸女孩超适合 |bobori,2022/1/8,https://www.bilibili.com/video/BV1ju411U7kc/,清透,清纯,少女,,,
本小学生也可以驾驭的浓颜厌世妆！快来学！#淡颜 #妆容 #创作灵感,2022/1/10,https://www.bilibili.com/video/BV1Q44y1j7i4/,厌世,叛逆,其他,,,
拿捏反差感～又奶又拽的猫系网感妆！宋智雅仿妆,2022/1/10,https://www.bilibili.com/video/BV1nT4y1m7G8/,又奶又拽,甜酷,其他,韩国,,
说累了…！这样真的底妆想卡粉起皮都难！！想要妆容精致这还不简简,2022/1/11,https://www.bilibili.com/video/BV1p44y157bN/,精致,精致,其他,,,
夏日氧气少女感妆容?简单又干净～,2022/1/16,https://www.bilibili.com/video/BV1uq4y1A7oh/,少女,少女,少女,,,
清冷优雅的神仙古风眼妆 保姆级新手眼妆教程！古风眼妆教程教程,2022/1/19,https://www.bilibili.com/video/BV1934y1i7Pf/,清冷,清冷,姐,中国,,
普通人化甜妹妆,2022/1/19,https://www.bilibili.com/video/BV1z34y1i7fm/,甜妹,可爱,少女,,,
长中庭的虞书欣凭什么成为甜妹天花板？她的甜妹妆容我扒出来了！虞书欣仿妆～,2022/1/23,https://www.bilibili.com/video/BV18L4y1t7uQ/,甜妹,可爱,少女,中国,,
放大优缺点化妆法：清清淡淡的妆容，看起来很干净清纯！,2022/1/24,https://www.bilibili.com/video/BV1JL4y1x7Pr/,清纯,清纯,少女,,,
泰国美妆网红教你画元气感妆容！,2022/1/24,https://www.bilibili.com/video/BV1NR4y1T72R/,元气,可爱,少女,泰国,,
看起来很千金的妆容～拿去过年！,2022/1/27,https://www.bilibili.com/video/BV1TL4y1x7pw/,千金,高贵,姐,,,
【吖是草莓啊】普通人如何逆袭成国风美女｜方圆脸提升贵气明艳感｜保姆级教程,2022/1/29,https://www.bilibili.com/video/BV1d3411h7vk/,贵气,贵气,姐,中国,,
【Arang】清纯干净的妆容以及自己剪刘海的小技巧,2022/1/30,https://www.bilibili.com/video/BV1Ku411d73p/,清纯,清纯,少女,,,
跟着韩国透明妆容创始人学韩式底妆！别人以为我没化妆？,2022/2/1,https://www.bilibili.com/video/BV1HF411H74W/,透明,清纯,少女,韩国,,
长相成熟真的没必要硬凹少女感，不妨试试干净精致的清冷感,2022/2/3,https://www.bilibili.com/video/BV1pP4y1A7EY/,清冷,清冷,姐,,,
男生干净伪素颜妆｜3步即可颜值最大化｜我的清透拜年妆,2022/2/4,https://www.bilibili.com/video/BV14q4y1b74Z/,清透,清纯,少女,,,
「竖屏」单眼皮圆脸淡颜 ｜ 白开水妆容 日常清透伪素颜,2022/2/5,https://www.bilibili.com/video/BV1iq4y1h7fc/,清透,清纯,少女,,,
画什么妆都不好看的话 可以试试伪素颜妆 减少脸上的颜色 出错率就会降低 整体还显得 妆前妆后 变装,2022/2/6,https://www.bilibili.com/video/BV1bS4y157Eh/,伪素颜,自然,其他,,,
【完美底妆这样画】奶油肌清透底妆底妆教程，手把手教你打造明星质感,2022/2/7,https://www.bilibili.com/video/BV19R4y1j7nA/,清透,清纯,少女,,,
白开水妆容｜清透纯白开水伪素颜分享?,2022/2/14,https://www.bilibili.com/video/BV1Tq4y1t7rt/,白开水,清纯,少女,,,
日常的少年感 妆容,2022/2/17,https://www.bilibili.com/video/BV1bP4y1w79V/,少年感,中性,其他,,,
低饱和度厌世感雀斑妆,2022/2/17,https://www.bilibili.com/video/BV1DZ4y1R7cb/,厌世,叛逆,其他,,,
【素人爆改】娇媚与清冷揉杂的中式旗袍妆容,2022/2/18,https://www.bilibili.com/video/BV1JZ4y1d7cy/,清冷,清冷,姐,,,
暗黑风格妆容,2022/2/18,https://www.bilibili.com/video/BV1CP4y1F7Nd/,暗黑,叛逆,其他,,,
原相机｜淡“盐”系妆容，打造干净温柔感～,2022/2/20,https://www.bilibili.com/video/BV1cS4y1k7yg/,温柔,温柔,少女,,,
甜姐儿。欧美现在超流行这种清爽感的眼妆干净的妆容！,2022/2/20,https://www.bilibili.com/video/BV1H341177nB/,清爽,清纯,少女,欧美,,
嗲系少女感滑雪妆！路人也能秒变小甜妹！,2022/2/20,https://www.bilibili.com/video/BV1tS4y1F7Pi/,甜妹,可爱,少女,,,
教程/清冷约会妆容,2022/2/21,https://www.bilibili.com/video/BV12F411E7eC/,清冷,清冷,姐,,,
谁说开学妆一定温柔？又拽又酷高冷学姐妆！,2022/2/23,https://www.bilibili.com/video/BV18i4y127Ap/,高冷,高冷,姐,,,
GRWM｜被爱豆夸可爱的签售妆教,2022/2/24,https://www.bilibili.com/video/BV1ni4y1y7v1/,可爱,可爱,少女,,,
白开水是最解渴的，同款妆容如何呢？,2022/2/25,https://www.bilibili.com/video/BV1W44y1n7fU/,白开水,清纯,少女,,,
纯御感！扁平脸也能完美适配的清冷烟熏妆～,2022/2/25,https://www.bilibili.com/video/BV1dY41137R3/,清冷,清冷,姐,,,
春日碎钻感粉嫩妆｜早春试试这个妆容,2022/3/2,https://www.bilibili.com/video/BV11u411D7Ag/,粉嫩,可爱,少女,,,
【日系美妆】清透、干净的春季妆容！很可爱呀！,2022/3/4,https://www.bilibili.com/video/BV1cP4y1g73j/,可爱,可爱,少女,日本,,
日常妆容Vlog 超嫩的十分钟快速早八妆,2022/3/6,https://www.bilibili.com/video/BV1aL411N7ju/,超嫩,少女,少女,,,
涂改液妆容！白色眼线轻欧美气质妆容！干净又酷飒~,2022/3/7,https://www.bilibili.com/video/BV1rS4y1g7fX/,酷飒,中性,其他,欧美,,
干净清透氛围感妆容～最近超爱化这个妆,2022/3/10,https://www.bilibili.com/video/BV1NF411t7bV/,清透,清纯,少女,,,
一款底妆清透干净的日常妆容教程,2022/3/10,https://www.bilibili.com/video/BV1SS4y1S7iB/,清透,清纯,少女,,,
今天分享一个清透干净的伪素颜妆容教程,2022/3/10,https://www.bilibili.com/video/BV1xT4y1D7Qv/,清透,清纯,少女,,,
【萌大雨】妆教这不就来了～贵气感拿捏住了的紫金系妆容,2022/3/14,https://www.bilibili.com/video/BV1RU4y1o7tJ/,贵气,贵气,姐,,,
普通妆容变白开水妆！让你内眼睑皮肤自带楚楚可怜血色技巧,2022/3/16,https://www.bilibili.com/video/BV1oS4y1u7we/,白开水,清纯,少女,,,
跟着B站UP主学化妆:适合520约会 干净减龄妆容 集美们学起来化妆分享 日常教程 520告白季,2022/3/16,https://www.bilibili.com/video/BV1kY41137C8/,减龄,少女,少女,,,
「豆蔻少女」·春日清婉古风妆容?,2022/3/17,https://www.bilibili.com/video/BV1ub4y1p7p8/,清婉,温柔,少女,中国,,
清新干净的春日妆容 来自超温柔的【Lisa Eldridge】,2022/3/18,https://www.bilibili.com/video/BV1tu411z7Qr/,清新,清纯,少女,,,
长相成熟没必要硬凹少女感！菱方脸绝美上镜感！清冷气质挂浓颜感！,2022/3/19,https://www.bilibili.com/video/BV1dT4y1v7h5/,清冷,清冷,姐,,,
夏日超强定妆 | 散粉和粉饼怎么选 | 清透干净妆容的秘密,2022/3/20,https://www.bilibili.com/video/BV16L4y1M7fN/,清透,清纯,少女,,,
又甜又酷猫系妆容～意外适合我这种大圆脸！,2022/3/25,https://www.bilibili.com/video/BV1qa411x7EX/,又甜又酷,甜酷,其他,,,
阚清子素颜美美的，片场十分钟就可搞定一个夏日小清新妆,2022/3/25,https://www.bilibili.com/video/BV1oL411P7bu/,清新,清纯,少女,中国,,
浅试一下鞠式白开水妆容,2022/3/28,https://www.bilibili.com/video/BV1SS4y1271R/,白开水,清纯,少女,中国,,
洋娃娃妆容分享丨被花知晓惊艳到了丨这个甜酷妆容安排上！,2022/3/29,https://www.bilibili.com/video/BV1PY411J7xP/,甜酷,甜酷,其他,,,
甄嬛慵贵感的妆容精髓是？中国妆永远的神！,2022/3/31,https://www.bilibili.com/video/BV1KZ4y1U7TA/,贵,贵气,姐,中国,,
妆容分享｜嘘！粉色的甜妹是四月的谎言,2022/4/1,https://www.bilibili.com/video/BV1JY41177LZ/,甜妹,可爱,少女,,,
方脸版狐系妆，觉得方的扣1，觉得美的扣2！,2022/4/2,https://www.bilibili.com/video/BV1yL4y1L7Zu/,狐系,性感,姐,,,
MOTD｜干净清透的高级裸妆妆容！大数据请把我推给大美女们,2022/4/4,https://www.bilibili.com/video/BV1w34y1t7gm/,清透,清纯,少女,,,
富家千金 妆容教程 其实就是一个干净精神的妆面,2022/4/4,https://www.bilibili.com/video/BV1BS4y1175u/,富家千金,高贵,姐,,,
沉浸式化妆 夏季干净白T恤少年妆容 哑光干净自然妆面 重回少年感,2022/4/5,https://www.bilibili.com/video/BV12u411e7tt/,少年感,中性,其他,,,
跟着B站UP主学化妆:干净清透氛围感妆容～最近超爱化这个妆！日常化妆教程 分享 氛围感,2022/4/5,https://www.bilibili.com/video/BV1hq4y1a7wQ/,清透,清纯,少女,,,
首次挑战可爱风格的妆容,2022/4/5,https://www.bilibili.com/video/BV1nr4y1p7PF/,可爱,可爱,少女,,,
【约会清透妆容】没有过多强调眼妆 底妆干干净净 会让整个有质感 很适合约会的时候画呦~,2022/4/6,https://www.bilibili.com/video/BV1cS4y1274w/,清透,清纯,少女,,,
无眼影干净妆容｜十分钟快速出门｜伪素颜妆容,2022/4/7,https://www.bilibili.com/video/BV1Dr4y1p7kM/,伪素颜,自然,其他,,,
妆容分享｜今日限定之夏日甜酷辣妹妆,2022/4/7,https://www.bilibili.com/video/BV1734y1x7b4/,甜酷,甜酷,其他,,,
1跟着B站UP主学化妆:咱就不说虚的…！这三就是一整个提高精致度！！！的底妆和美丽的睫毛有多重要我不说…！平价彩妆 好物分享,2022/4/8,https://www.bilibili.com/video/BV1jY411E7mg/,精致,精致,其他,,,
刷子有时候真的可以决定一个妆的精致和妆容整体干净,2022/4/10,https://www.bilibili.com/video/BV1uA4y197QX/,精致,精致,其他,,,
跟着B站UP主学化妆:“白开水”妆｜淡颜系妆容｜干净清透伪素颜 眼镜 淡颜 伪素颜妆 ,2022/4/11,https://www.bilibili.com/video/BV1or4y1p7Yv/,清透,清纯,少女,,,
2 跟着B站UP主学化妆:新手简单妆容画法，干净又精致！化妆教程,2022/4/12,https://www.bilibili.com/video/BV1VS4y1Y7hz/,精致,精致,其他,,,
「kk's」学姐报道！清纯钓系妆容 |纯欲氛围感| 清凉感裸粉色系,2022/4/12,https://www.bilibili.com/video/BV1q34y1v7fd/,纯欲,纯欲,少女,,,
姐妹们无眼影妆容真的又干净又清冷 快转给你姐妹来学！！,2022/4/18,https://www.bilibili.com/video/BV1jS4y1e7YG/,清冷,清冷,姐,,,
今日：高级成熟，干净利落的妆容你喜欢吗,2022/4/18,https://www.bilibili.com/video/BV1m3411T7BA/,成熟,成熟,姐,,,
单眼皮快试试这种干净利落的妆容！好贵气,2022/4/19,https://www.bilibili.com/video/BV1Tu411y7X3/,贵气,贵气,姐,,,
五官平平的姐妹快来给我学这个中式清冷感妆容呀,2022/4/20,https://www.bilibili.com/video/BV1z3411T7AT/,清冷,清冷,姐,,,
古风蝉服妆容，这个夏天一整个清冷干净住了,2022/4/20,https://www.bilibili.com/video/BV1iR4y1N7YR/,清冷,清冷,姐,中国,,
藤堂静妆容拆解，普通人学完变泰式千金！保姆级化妆教程,2022/4/22,https://www.bilibili.com/video/BV1xr4y1J7Wx/,千金,高贵,姐,泰国,,
【MissDarcei】欧美人化亚洲纯欲妆| 不得不说很好看,2022/4/24,https://www.bilibili.com/video/BV1NS4y1a7fP/,纯欲,纯欲,少女,,,
夏日清爽干净妆容的化妆顺序,2022/4/24,https://www.bilibili.com/video/BV1YF411M7Yt/,清爽,清纯,少女,,,
五官平平都来画这个东南亚纯欲妆！！！氛围感拉满是谁我不说,2022/4/25,https://www.bilibili.com/video/BV1CS4y1c788/,纯欲,纯欲,少女,,,
一点点拽的贵气欧美妆 黑妹化妆转型好上头 真的爱死了,2022/4/25,https://www.bilibili.com/video/BV1ja411e7rP/,贵气,贵气,姐,欧美,,
这就是看垃圾的眼神吗Minnie米妮仿妆下三白yyds 厌世脸我太爱了,2022/4/25,https://www.bilibili.com/video/BV19u411y7uR/,厌世,叛逆,其他,,,
给程序员朋友化妆，秒变欧美风御姐！【解压动画】,2022/4/28,https://www.bilibili.com/video/BV1234y1e7BT/,御姐,成熟,姐,欧美,,
唇妆画的好妆容也干净清透，这样画口红简直太美啦，姐妹们赶快试试吧,2022/4/28,https://www.bilibili.com/video/BV1uT4y1r7ur/,清透,清纯,少女,,,
她们挺敢穿的：亚文化穿搭及妆容风格灵感-哥特/emo girl/另类/暗黑系/Goth,2022/4/28,https://www.bilibili.com/video/BV1kS4y1a78z/,暗黑,叛逆,姐,,,
离谱！一普通女生是怎么变成幼态漫画少女？妆容分享,2022/4/29,https://www.bilibili.com/video/BV1RT4y1r7P5/,少女,少女,少女,,,
东南亚纯欲妆我悟了！扁平脸塌鼻梁的神！！,2022/4/30,https://www.bilibili.com/video/BV1GL4y1c7mi/,纯欲,纯欲,少女,,,
第一眼惊艳大美女妆容！！任何人不画这个妆我都会伤心的ok？,2022/5/1,https://www.bilibili.com/video/BV1wB4y117N3/,惊艳,性感,姐,,,
相信我你很美！只是化妆重点跑偏了｜日常清冷风妆容教程）,2022/5/1,https://www.bilibili.com/video/BV1oZ4y1C75e/,清冷,清冷,姐,,,
【睿】凸嘴女孩的妆容风格分析（一）青春邻家感妆容,2022/5/2,https://www.bilibili.com/video/BV1Fa411a7EQ/,青春邻家,清纯,少女,,,
妆容分享｜江南少女的温婉旗袍妆,2022/5/3,https://www.bilibili.com/video/BV1BR4y1P758/,少女,少女,少女,,,
【韩式妆容教程】干净清爽的妆容,2022/5/3,https://www.bilibili.com/video/BV18L4y1c7xG/,干净清爽,清纯,少女,韩国,,
全哑光日常妆容干净的底妆配上棕色的眼影日常又温柔,2022/5/3,https://www.bilibili.com/video/BV1Zv4y1N7EQ/,温柔,温柔,少女,,,
同样是纯欲妆，差距为何这么大！,2022/5/4,https://www.bilibili.com/video/BV1uF411T7os/, 纯欲,纯欲,少女,,,
方圆脸菱形脸试试清冷系纯yu妆容～干净的底妆 低饱和的眼影,2022/5/4,https://www.bilibili.com/video/BV1YZ4y1h7i1/, 纯欲,纯欲,少女,,,
亚文化美学：哥特风&蒸汽朋克穿搭妆容风格灵感-中世纪/维多利亚时代/伊丽莎白时代,2022/5/5,https://www.bilibili.com/video/BV1UU4y1U7hj/,朋克,叛逆,其他,,,
伪素颜妆容教程（证件照妆容）,2022/5/7,https://www.bilibili.com/video/BV1GY4y1C7Q5/,伪素颜,自然,其他,,,
淡颜回归｜清冷凄楚*惹人怜惜氛围感妆容·扁平脸请进,2022/5/7,https://www.bilibili.com/video/BV19v4y1K7ZK/,怜惜感,清纯,少女,,,
如何画出干净高级的妆容？爱美千色美妆培训,2022/5/8,https://www.bilibili.com/video/BV1pS4y1b72x/,干净高级,高贵,姐,,,
居家隔离也要化妆！拽酷甜欲4种风格妆容穿搭造型分享！,2022/5/9,https://www.bilibili.com/video/BV1PU4y1m72w/,甜欲,甜欲,少女,,,
方脸姐妹们试试画这种清冷感风格的妆容！真的很适合我们！！！#化妆分享,2022/5/9,https://www.bilibili.com/video/BV1H5411977D/,清冷,清冷,姐,,,
宅家胖了但可爱！肉脸mm不化它，我真的会伤心！,2022/5/11,https://www.bilibili.com/video/BV1L3411N7YW/,可爱,可爱,,,,
泰妆对美女没用，但是普通人画简直救命【2代清透版】,2022/5/13,https://www.bilibili.com/video/BV1NY4y1k7rD/,清透,清纯,少女,泰国,,
清冷感莲花妆 | 超上镜的古风小白花,2022/5/13,https://www.bilibili.com/video/BV1bt4y1x72M/,清冷,清冷,姐,,,
【Kleiner Pixel】黑江雫 戀上換裝娃娃 Cosplay妆容教程,2022/5/14,https://www.bilibili.com/video/BV1sa411J7nD/,日式lolita,精致,其他,日本,,
当内双想画消肿亚裔轻混血妆！眼妆教程,2022/5/14,https://www.bilibili.com/video/BV1Tr4y1b7dk/,轻混血,成熟,姐,,,
大四学姐_秋冬低饱和度藕粉色系妆容，清冷温柔又干净,2022/5/14,https://www.bilibili.com/video/BV11U4y1m7jf/,温柔,温柔,少女,,,
Angelica｜消肿灰裸*日常辣妹妆*倒置猫眼钓系妆容,2022/5/14,https://www.bilibili.com/video/BV1jt4y1x7q9/,辣妹,甜辣,其他,,,
普通人尝试甜辣性感日杂仿妆，结果……,2022/5/14,https://www.bilibili.com/video/BV1CF41177WC/,甜辣,甜辣,其他,日本,,
五官平平路人脸？不如来尝试一下日漫感妆容！漫中人的感觉一下子就出来了,2022/5/15,https://www.bilibili.com/video/BV1W44y137CM/,日漫,可爱,少女,日本,,
宝贝们，化妆新手如何打造一个清透干净的妆容,2022/5/16,https://www.bilibili.com/video/BV1Mt4y1x7GN/,清透,清纯,少女,,,
短圆脸尝试狐系轻混血妆,2022/5/17,https://www.bilibili.com/video/BV18v4y1A7R1/,狐系 轻混血,性感,姐,,,
男女通用清冷妆｜想整个无欲无求的感觉,2022/5/17,https://www.bilibili.com/video/BV1Bt4y1x7Ez/,清冷,清冷,姐,,,
GRWM｜几根仙子毛居然让眼妆精致度立马up！｜上镜妆容｜深邃,2022/5/17,https://www.bilibili.com/video/BV1934y1771K/,精致,精致,其他,,,
无眼影妆容｜轻松拿捏高级感,2022/5/17,https://www.bilibili.com/video/BV1LT4y1z7pf/,高级,高贵,姐,,,
三合一气垫｜水感持妆 新手快速上手！清透底妆不是梦！,2022/5/17,https://www.bilibili.com/video/BV133411A7dT/,清透,清纯,少女,,,
0基础速成！1招get立体妆容，轻松变身精致美女～,2022/5/19,https://www.bilibili.com/video/BV1h34y1E7yY/,精致,精致,其他,,,
适合大部分姐妹尝试的自然挂妆容，干净又卫生！,2022/5/21,https://www.bilibili.com/video/BV1p5411X7Es/,自然,自然,其他,,,
无眼影妆容不化眼影妆容，干净又温柔太爱了,2022/5/21,https://www.bilibili.com/video/BV1k54y1d7Q6/,温柔,温柔,其他,,,
我爸看完沉默3秒。。。我画过最上镜的妆！芭比妆容,2022/5/22,https://www.bilibili.com/video/BV1DB4y197Ri/,芭比,精致,其他,,,
一款可盐可甜的缎面婚纱礼服造型，妆容干净简单其实就很好看了，大浓睫毛减掉#婚礼造型 #小白学化妆 #香香造型网红班,2022/5/22,https://www.bilibili.com/video/BV1pP4y1F7Bp/,可盐可甜,甜酷,其他,,,
甜妹妆容｜听说可爱会传染｜甜妹靠近我一点,2022/5/23,https://www.bilibili.com/video/BV1154y1d7iD/,甜妹,可爱,少女,,,
东南亚纯欲妆真的很适合短圆脸,2022/5/23,https://www.bilibili.com/video/BV1da41177KB/,纯欲,纯欲,少女,,,
幼态少女感妆容,2022/5/24,https://www.bilibili.com/video/BV1Bt4y1W7m2/,少女,少女,少女,,,
幼态感满满的狗狗眼妆容 这还拿不下你？谁画谁好看,2022/5/25,https://www.bilibili.com/video/BV1K54y1o7AE/,幼态,少女,少女,,,
宝贝们，化妆新手如何打造一个清透干净的妆容#底妆教程 #美妆,2022/5/25,https://www.bilibili.com/video/BV1VS4y1q7rJ/,清透,清纯,少女,,,
kiki｜短圆脸·亚裔辣妹妆容分享·拍照很好看的一个妆容～,2022/5/25,https://www.bilibili.com/video/BV1KB4y1X7Z8/,辣妹,甜辣,其他,,,
妆后又老又丑⁉️我扒出了王心凌亲口说的【甜妹】化妆思路️普通人看完学会0成本变美,2022/5/27,https://www.bilibili.com/video/BV1EY4y1B7Vv/,甜妹,可爱,少女,中国,,
〖 恰 〗方圆脸超适合! 姐姐系猫颜日常妆容,2022/5/28,https://www.bilibili.com/video/BV12r4y1s7YG/,姐姐系 猫颜,性感,姐,,,
画的最脆弱的一次，失恋病弱感妆容2.0｜要是知道这是最后一次见面，我就穿的好看点了,2022/5/30,https://www.bilibili.com/video/BV11Z4y187T6/,病弱感,叛逆,其他,,,
妆容分享｜今天是嫩fufu的甜妹妆,2022/5/30,https://www.bilibili.com/video/BV1jW4y1C7sM/,甜妹,可爱,少女,,,
圆脸烟熏小雀斑妆容～猫系小甜心即视感,2022/5/31,https://www.bilibili.com/video/BV1tt4y1p7m1/,猫系小甜心,纯欲,少女,,,
【恋爱密码来了 狙击直男白开水妆容】 干净清澈的白开水妆真的是直男最爱 这期就是圆脸改变气质的大秘密,2022/5/31,https://www.bilibili.com/video/BV1T94y1m7Pw/,白开水,清纯,少女,,,
【油管】【Haley Kim】全脸• 自然干净的少女妆容,2022/6/2,https://www.bilibili.com/video/BV1sW4y1C71z/,自然,自然,其他,,,
干净透亮夏日妆｜suqqu光焦有平替？suqqu渐变腮红春堇原来是腮蓝,2022/6/2,https://www.bilibili.com/video/BV1QZ4y147cw/,干净透亮,清纯,少女,,,
麻烦所有女孩子都学会这个白开水妆容 谁能扛得住这么清纯的美少女？,2022/6/3,https://www.bilibili.com/video/BV1rL4y1K7b7/,白开水,清纯,少女,,,
画个嫩嫩妆容出门！！试试新衣服！,2022/6/5,https://www.bilibili.com/video/BV1ES4y1B7RZ/,嫩嫩,少女,少女,,,
【20220605 BEAUTYSOOM】适合夏天的妆容 干净利落的水性?（透明肤感 水墨唇妆）,2022/6/5,https://www.bilibili.com/video/BV1QZ4y147pV/,干净透明,清纯,少女,,,
純欲妝的靈魂——仙子毛➕玻璃唇?這不是十年前流行過的台妹嗎~真香哈哈哈,2022/6/5,https://www.bilibili.com/video/BV17S4y1B7Ks/,纯欲,纯欲,少女,,,
【yoyo】夏日热辣牛仔妆容分享 | 美妆博主底妆无暇的秘密,2022/6/7,https://www.bilibili.com/video/BV1mL4y1P7QC/,热辣,性感,姐,,,
年龄成谜 元气女大学生妆容,2022/6/9,https://www.bilibili.com/video/BV1ft4y1n7Tu/,元气,可爱,少女,,,
说累了…！这样真的底妆想卡粉起皮都难！！想要妆容精致这还不简简单单,2022/6/9,https://www.bilibili.com/video/BV1pt4y1H7Fe/,精致,精致,其他,,,
分享99个新手化妆技巧的第2期——无瑕底妆教程！底妆干净了 才会更高级！#底妆 #,2022/6/9,https://www.bilibili.com/video/BV1Ya411L79r/,高级,高贵,姐,,,
大四学姐_秋冬低饱和度藕粉色系妆容，清冷温柔又干净#分享 #眼妆教程 #新手化妆教程,2022/6/12,https://www.bilibili.com/video/BV1xW4y1k7aR/,温柔,温柔,少女,,,
圆脸一定要试试这个清冷纯欲系妆容，清透干净的底妆，粉偏橘调的腮红模糊脸型边界感增加幼态感，低饱和的眼影加上粉调的嘟嘟唇，氛围感直接拉满！#纯欲妆 #减龄,2022/6/12,https://www.bilibili.com/video/BV1LL4y1N7q5/,纯欲,纯欲,少女,,,
妆容分享｜今天是幼态的少女感妆容,2022/6/13,https://www.bilibili.com/video/BV1Cg4119733/,幼态少女感,少女,少女,,,
妆容分享｜今天是可爱的头像妆容,2022/6/15,https://www.bilibili.com/video/BV15A4y1d72C/,可爱,可爱,少女,,,
美式复古甜心妆｜日常欧美妆｜甜辣风格妆容,2022/6/15,https://www.bilibili.com/video/BV1xA4y1d7Ag/,美式甜心 甜辣,甜辣,其他,欧美,,
低像素*疏离感姐系妆容*自拍超出片,2022/6/16,https://www.bilibili.com/video/BV1cg411X7FL/,疏离感姐系,高冷,姐,,,
短圆脸超适合的慵懒兔系妆容，氛围感拿捏住！,2022/6/16,https://www.bilibili.com/video/BV1xv4y1g7JS/,兔系,可爱,少女,,,
不一定斩男但一定斩女|方圆脸也能化中性风英气妆,2022/6/17,https://www.bilibili.com/video/BV1WA4y1d7qW/,中性英气,中性,姐,,,
年纪大了越来越喜欢简单又干净的妆容哈哈哈 一个字那就是嫩！,2022/6/18,https://www.bilibili.com/video/BV1r94y127qx/,嫩,少女,少女,,,
又纯又野的猫系妆容 我看谁还不会画,2022/6/19,https://www.bilibili.com/video/BV1t34y157Uw/,又纯又野猫系,纯欲,少女,,,
#轻欧美#原相机#底妆#妆容教程 干净高级又色调统一的详细妆面教程来了！,2022/6/19,https://www.bilibili.com/video/BV1wF411c7fU/,轻欧美,成熟,姐,欧美,,
亚洲脸化烟熏妆，cube的解题方法！宋雨琦摇滚小狗妆,2022/6/19,https://www.bilibili.com/video/BV1dS4y1e7is/,摇滚小狗妆,叛逆,其他,,,
好喜欢今天这个清冷干净的妆容呀！眼妆这样画，干净又好看！超简单！,2022/6/20,https://www.bilibili.com/video/BV1ML4y1P7EU/,清冷,清冷,姐,,,
画什么妆都不好看的话 可以试试伪素颜妆 减少脸上的颜色 出错率就会降低 整体还显得 #换头 #妆前妆后 #变妆,2022/6/20,https://www.bilibili.com/video/BV1RW4y167Cc/,伪素颜,清纯,少女,,,
低饱和的奶油白桃配色，咱就是说妥妥的夏日少女妆感！两颗细闪轻松拿捏，清透的约会温柔眼妆,2022/6/20,https://www.bilibili.com/video/BV11Y4y1g7s7/,少女,少女,少女,,,
Monica Bellucci风格妆容分享【Hung Vanngo】,2022/6/21,https://www.bilibili.com/video/BV1MY4y137UP/,Monica Bellucci,成熟,姐,,,
快速出门～精致版白开水妆容,2022/6/22,https://www.bilibili.com/video/BV14a411x7Kj/,白开水,清纯,少女,,,
有手就会丨甜丧妆,2022/6/23,https://www.bilibili.com/video/BV1pB4y1s7MZ/,甜丧,甜丧,其他,,,
新年霸气富贵女明星上线！简简单单 干干净净的妆容也能气场全开！而且更加突出咱们自己的特点～#妆教 #美妆,2022/6/24,https://www.bilibili.com/video/BV1tf4y1f72m/,霸气富贵,贵气,姐,,,
甜美纯欲妹妹看多了，快来学习这个禁欲感的姐姐妆容,2022/6/25,https://www.bilibili.com/video/BV1Q34y1W7XZ/,禁欲系姐姐,高冷,姐,,,
日常简单妆容 底妆干净 睫毛卷翘根根分明 其他都简化就很温柔啦#分享 #化妆分享 #化妆 #美妆 #妆教,2022/6/26,https://www.bilibili.com/video/BV1uT41137uS/,温柔,温柔,少女,,,
妆容教程|甜妹兔系减龄妆 淡颜YYDS,2022/6/27,https://www.bilibili.com/video/BV1vB4y1p7if/,甜美兔系,可爱,少女,,,
大方脸学生党化这个妆，简单自然又好看！,2022/6/27,https://www.bilibili.com/video/BV1sY4y137i7/,自然,自然,其他,,,
换人种式化妆｜论美式狼系妆容和夏天的适配度！,2022/6/28,https://www.bilibili.com/video/BV1HZ4y1e79B/,狼系,性感,姐,,,
超适合圆脸单眼皮的减龄甜美妆容！妆前妆后高反差超心动～,2022/6/28,https://www.bilibili.com/video/BV1KG411x7p7/,甜美,可爱,少女,,,
无眼影妆容真的又干净又清冷！！#化妆分享 #平价彩妆 #新手化妆教程 #原相机,2022/6/28,https://www.bilibili.com/video/BV1Yv4y1u79M/,清冷,清冷,姐,,,
早八伪素颜速成妆容分享！5分钟真的够用！！！,2022/6/28,https://www.bilibili.com/video/BV1H94y1R7ru/,伪素颜,自然,其他,,,
《过年减龄》妆容三要素：干净底妆 太阳花睫毛 面中腮红 #过年 #分享 #减龄,2022/6/29,https://www.bilibili.com/video/BV1Pa411s76A/,减龄,少女,少女,,,
氛围感纯野妆｜清冷姐系 不一定斩男，但一定...｜进阶版纯欲妆 妆容分享,2022/6/29,https://www.bilibili.com/video/BV1tB4y1W7Bg/,纯欲,纯欲,少女,,,
网感妆对美女来说没用，但普通人画简直救命,2022/7/1,https://www.bilibili.com/video/BV1CB4y1v7Qf/,网感,精致,其他,,,
清透日常妆�/ 夏天必备 /npy都看不出来我化妆了！,2022/7/1,https://www.bilibili.com/video/BV1pW4y1z76q/,清透,清纯,少女,,,
内双妆容｜韩系清冷气质妆 超级日常干净～,2022/7/1,https://www.bilibili.com/video/BV1jv4y1u77r/,清冷,清冷,姐,韩国,,
回归高级感！解决妆＞人的立体骨相妆容,2022/7/3,https://www.bilibili.com/video/BV11a411X7fT/,高级,高贵,姐,,,
3分钟学会干干净净的清透感妆容，真的不要太温柔！,2022/7/3,https://www.bilibili.com/video/BV1Fr4y1u7vJ/,温柔,温柔,少女,,,
日杂清透妆容,2022/7/4,https://www.bilibili.com/video/BV1WB4y1i7FJ/,清透,清纯,少女,日本,,
学会给妆容做减法，耐看清爽的干净妆不香吗,2022/7/4,https://www.bilibili.com/video/BV12T411u7q6/,清爽,清纯,少女,,,
这是什么神仙眼影盘！万花镜冷萃棕大地色眼影盘，黄皮真实无滤镜试色！喜欢画亚裔性感小野猫的姐妹冲冲冲！,2022/7/5,https://www.bilibili.com/video/BV1hW4y1U7xE/,性感小野猫,性感,姐,,,
清透学姐妆 | 发4要当上日常高级妆卷王！！,2022/7/6,https://www.bilibili.com/video/BV1xf4y1d7wp/,清透,清纯,少女,,,
我又不小心带火了一个妆！美式白开水妆容,2022/7/7,https://www.bilibili.com/video/BV1dS4y1n7Zg/,美式白开水,甜辣,其他,欧美,,
妆教 #单眼皮 试一下大气典雅的中式妆容，体现东方美女的韵味。快过年啦，多试试不同的，发现不一样的自己。@DOU+小助手,2022/7/7,https://www.bilibili.com/video/BV15a411n7ZX/,大气,大气,姐,中国,,
港风妆容化妆思路 干净的底妆根根分明的野生浓眉 全包眼线加上烈焰红唇,2022/7/8,https://www.bilibili.com/video/BV1hB4y1i7Vd/,港风,成熟,姐,香港,,
最近很火的纯野妆走进现实！离开打光滤镜还能看？扁平方脸妆容分享｜走进现实3.0,2022/7/8,https://www.bilibili.com/video/BV1hV4y1n7kT/,纯野,纯欲,少女,,,
【雾面栗子妆容】日常干净又高级！快给我进来学！,2022/7/10,https://www.bilibili.com/video/BV12Z4y1Y7Xx/,高级,高贵,姐,,,
化妆0基础✓新手五分钟搞定伪素颜早八妆！,2022/7/10,https://www.bilibili.com/video/BV18U4y1D7qV/,伪素颜,自然,其他,,,
五官平平不妨试试韩漫妆#化妆分享#无美颜无滤镜,2022/7/10,https://www.bilibili.com/video/BV1hY4y1J77H/,韩漫妆,可爱,少女,韩国,,
干净清纯妆容,2022/7/12,https://www.bilibili.com/video/BV1NB4y1p7YP/,清纯,清纯,少女,,,
说累了…！这样真的底妆想卡粉起皮都难！！想要妆容精致这还不简简单单#底妆,2022/7/14,https://www.bilibili.com/video/BV1KU4y1B7oa/,精致,精致,其他,,,
极致裸粉|美式白开水截断|温柔清透|柔和感混血妆容,2022/7/15,https://www.bilibili.com/video/BV1wd4y1Q7NB/,美式白开水,甜辣,其他,欧美,,
不会化妆才更应该来学这个夏季简单清透妆！最近动不动就40+的温度真的要热化掉了！所以大家还是选择这种清透的浅色系吧，看着就很清凉很夏天～,2022/7/16,https://www.bilibili.com/video/BV1Xr4y1E7NM/,清透,清纯,少女,,,
复古美式甜心妆，保姆级妆教，笨蛋思路新手超好学,1月1日,https://www.bilibili.com/video/BV1iA411S7JC/,美式甜心,甜辣,其他,欧美,,
egirl妆只有0次和无数次，日常版egirl妆！内附肿泡眼上挑眼线画法！！,1月2日,https://www.bilibili.com/video/BV14K41127sE/,egirl,甜辣,其他,,,
女生和男生如何画自然面试妆？13～18岁参加艺人海选，什么的提高面试机率？#化妆 #练习生 #演员,1月2日,https://www.bilibili.com/video/BV1SA411S7N1/,自然,自然,其他,,,
大眼漫画感妆容来噜～染完发感觉好辣哈哈,1月4日,https://www.bilibili.com/video/BV1o24y1Y7dR/,大眼漫画感,精致,其他,,,
方圆脸妆容｜港风大女主红唇妆,1月5日,https://www.bilibili.com/video/BV1Vd4y1E7WG/,大女主,自信,姐,香港,,
妆容分享｜古风清冷感绿色眼妆,1月5日,https://www.bilibili.com/video/BV1L3411S7Bc/,古风清冷,清冷,姐,中国,,
国泰民安脸！上世纪初代国模妆容分享！,1月6日,https://www.bilibili.com/video/BV1E24y1e7g1/,国泰民安脸,大气,姐,中国,,
宽圆脸真的很适合美式白开水妆！！,1月6日,https://www.bilibili.com/video/BV1t84y1a7Aq/,美式白开水,甜辣,其他,欧美,,
普通人尝试冬日粉嫩日杂仿妆，结果…,1月6日,https://www.bilibili.com/video/BV14G4y1L77k/,粉嫩日杂,可爱,少女,日本,,
【纯欲氛围感】我不允许有宝不会！干净日常妆容大曝光！,1月6日,https://www.bilibili.com/video/BV1og411W7oQ/,纯欲,纯欲,少女,,,
快来看！高清详细版的“千金妆”妆容教程，全程无美颜，看完竟然有种大变活人的感觉,1月7日,https://www.bilibili.com/video/BV1BP411F7FZ/,千金妆,高贵,姐,,,
淡颜+肿泡眼不会化妆？来看看蔡秀彬伪素颜小白花妆容吧！,1月8日,https://www.bilibili.com/video/BV128411K7yG/,伪素颜小白花、蔡秀彬,清纯,少女,韩国,,
老婆们快来画这个敲可爱的么么公主微醺桃子妆～,1月9日,https://www.bilibili.com/video/BV1eK411175G/,微醺桃子妆、可爱,纯欲,少女,,,
清冷感妆容 早八人进来学！,1月10日,https://www.bilibili.com/video/BV19R4y117Mj/,清冷感,清冷,姐,,,
MOTD｜最近爱画的贵气妆容教程来啦,1月10日,https://www.bilibili.com/video/BV1YW4y1V7K1/,贵气,贵气,姐,,,
救命！连手残男友都能化hannahkae美式纯欲妆…,1月10日,https://www.bilibili.com/video/BV18x4y1G7Sy/,美式纯欲,纯欲,少女,欧美,,
简单日常的内双韩系白开水妆容 干净自然,1月10日,https://www.bilibili.com/video/BV1CD4y1p7gk/,韩系白开水、自然,清纯,少女,韩国,,
平价气垫之王！实测三个月 三合一裸感贴肤妆感,1月10日,https://www.bilibili.com/video/BV1FY411y7Y1/,裸感,自然,其他,,,
秋冬亚裔小烟熏妆 三分钟淡颜变辣妹,1月10日,https://www.bilibili.com/video/BV1CG4y1w7hz/,辣妹、亚裔,性感,姐,欧美,,
普通人尝试日杂低调高级节日感妆容,1月11日,https://www.bilibili.com/video/BV1T24y1Y7sh/,日杂、高级,高贵,姐,日本,,
教程！纸醉金迷✨拍照+妆容！速来！,1月11日,https://www.bilibili.com/video/BV1zY411y7s9/,纸醉金迷,贵气,姐,,,
Angelica｜粉黑撞色！又甜又野美式芭比妆容,1月12日,https://www.bilibili.com/video/BV1814y1u7zT/,又甜又野美式芭比,甜辣,其他,欧美,,
普通人怎么抄赵丽颖明艳港风？方圆脸变美思路,1月13日,https://www.bilibili.com/video/BV173411Z7Aa/,明艳、港风,性感,姐,香港,,
好甜 像你一样|年度最佳笨蛋美女妆,1月13日,https://www.bilibili.com/video/BV1HK411C7V4/,好甜、笨蛋美女,可爱,少女,,,
美式甜心妆|这个妆好适合圆钝脸啊啊啊！,1月13日,https://www.bilibili.com/video/BV18v4y1v7Yq/,美式甜心,甜辣,少女,欧美,,
《方圆脸教科书级别的——清冷新中式妆》我说一句实话“方圆脸美日子还在后面呢”不会有人反对吧～,1月14日,https://www.bilibili.com/video/BV1FA411o7y9/,清冷新中式,清冷,姐,中国,,
用刚拆的热乎单品化了个又甜又姬的妆,1月15日,https://www.bilibili.com/video/BV15P4y1k7d2/,又甜又姬,甜酷,其他,,,
老婆们快来化这个敲甜的马卡龙色系星星妆～,1月16日,https://www.bilibili.com/video/BV1XK411r7ba/,甜,可爱,少女,,,
过年拼美貌？这个温婉妆简直赢大了！,1月16日,https://www.bilibili.com/video/BV1fd4y1L7Pc/,温婉,温柔,少女,,,
MOTD｜冬日甜系日常感妆容分享,1月16日,https://www.bilibili.com/video/BV1N14y1M752/,甜,可爱,少女,,,
【唐毅】百看不厌！央视审美下的国泰民安妆！只需3招，画出中国女生独有的端庄大气,1月17日,https://www.bilibili.com/video/BV11A411d7VM/,国泰民安、端庄大气,大气,姐,中国,,
看看韩国造型师给刘亦菲弄得妆容，刘亦菲这样底子好的女生太适合这种白开水通透的了，我的整颗心都是刘亦菲的 #刘亦菲 #我又心动了 #治愈系笑容 #刘,1月17日,https://www.bilibili.com/video/BV1As4y1t79n/,白开水通透,清纯,少女,,,
KiKi's makeup｜点开就会韩国女爱豆同款松弛感ins日常照！,1月18日,https://www.bilibili.com/video/BV1j3411d7j9/,松弛感,自然,其他,韩国,,
日常妆容干净自然来了,1月18日,https://www.bilibili.com/video/BV1bM411t75D/,自然,自然,其他,,,
顶着千金妆去做新年战甲啦！,1月19日,https://www.bilibili.com/video/BV1qA411R7Kq/,千金妆,高贵,姐,,,
IU化妆师亲自揭秘IU伪素颜妆容！万能日常妆！,1月21日,https://www.bilibili.com/video/BV1rv4y1C7R6/,伪素颜,自然,其他,韩国,,
新的一年就交给兔兔叭！奶乎乎软萌兔系妆～,1月21日,https://www.bilibili.com/video/BV1uP4y1r7S6/,软萌,可爱,少女,,,
BLACKPINK化妆师ins风清纯妆容教学｜中字,1月23日,https://www.bilibili.com/video/BV1A24y1r7GB/,清纯,清纯,少女,,,
日常分享｜今天画了一个唐老师的妆容，好清纯好干净 好喜欢！,1月23日,https://www.bilibili.com/video/BV1qT411Z72e/,清纯,清纯,少女,,,
重返20岁不是梦！get这款氛围感妆容让你秒变校园清纯女神！,1月24日,https://www.bilibili.com/video/BV1qA411R7yR/,清纯,清纯,少女,,,
新年纸醉金迷拍照妆容教程,1月24日,https://www.bilibili.com/video/BV1F84y1774M/,纸醉金迷,贵气,姐,,,
kiki｜【短圆脸】新年野兔妆｜又奶又拽轻欧美感妆容分享～,1月24日,https://www.bilibili.com/video/BV18v4y1k7fa/,又奶又拽轻欧美感,甜酷,其他,欧美,,
当白人女孩第一次尝试亚洲纯欲妆，大家觉得仿的怎么样,1月24日,https://www.bilibili.com/video/BV1Wv4y1k7dZ/,纯欲,纯欲,少女,,,
菱形脸一眼惊艳的浓情意式妆�明艳又大气,1月25日,https://www.bilibili.com/video/BV1ZY411X7vM/,明艳又大气、浓情意式妆,性感,姐,欧美,,
画完这个妆你就是妖艳美人｜被哦嗯调狠狠洗脑,1月26日,https://www.bilibili.com/video/BV1b3411R762/,妖艳,性感,姐,,,
单眼皮清冷土棕妆哑光色系太消肿了！秋冬真的好适合化这种清清冷冷的土棕色系低饱和色系显得很，消肿效果也很可！快快叫上你,1月26日,https://www.bilibili.com/video/BV1D34y1Z7iW/,清冷,清冷,姐,,,
方圆脸来画兔系妆容！心动甜妹�,1月27日,https://www.bilibili.com/video/BV1b34y1f7dP/,甜,可爱,少女,,,
【潘安】软萌兔子妆｜清透又带心机的傻白甜妆容,1月27日,https://www.bilibili.com/video/BV1oy4y197Ei/,清透又带心机的傻白甜妆容,可爱,少女,,,
肉肉脸本命妆？【透明感日杂妆容教程！かわいい,1月28日,https://www.bilibili.com/video/BV1SA411k7ka/,透明感日杂,清纯,少女,日本,,
简单又好看！普通人尝试日杂春日清新妆容～,1月28日,https://www.bilibili.com/video/BV1kR4y1h76e/,日杂清新,清纯,少女,日本,,
【六神abi】妖艳晚宴风格妆容。看完都想模仿。,1月28日,https://www.bilibili.com/video/BV1Es4y1s7W3/,妖艳,性感,姐,,,
【六神abi】雀斑病娇风格妆容,1月28日,https://www.bilibili.com/video/BV1Zd4y1W7Du/,病娇,叛逆,其他,,,
韩国女团NewJeans化妆师白开水妆容教学｜中字,1月29日,https://www.bilibili.com/video/BV1GY411Q7fn/,白开水,清纯,少女,,,
伪素颜妆容果然还是更适合女大学生呀！开学复工就画它吧！,1月29日,https://www.bilibili.com/video/BV19d4y1H7di/,伪素颜妆,自然,其他,,,
02女大学生干净白开水妆容+聊聊天,1月29日,https://www.bilibili.com/video/BV1oT411y7nc/,白开水,清纯,少女,,,
冬日妆容分享|高级感哑光棕调厌世妆容|拽姐必备！,1月29日,https://www.bilibili.com/video/BV1eT411f7Vt/,高级感、厌世、拽姐,成熟,姐,,,
这真的是太幼态了！｜不得不说画了这个妆！犬系软妹非你莫属,1月30日,https://www.bilibili.com/video/BV1K24y167QM/,软、幼态,少女感,少女,,,
额…这才是普通人真实的亚裔辣妹妆吧？？！,2月1日,https://www.bilibili.com/video/BV14D4y1K78D/,亚裔辣妹妆,甜辣,少女,欧美,,
长脸男相也想化妆换头？试试这个美式甜心妆！,2月1日,https://www.bilibili.com/video/BV1YT411C7Ko/,美式甜心,甜辣,少女,欧美,,
4个细节，日常妆变身蔡秀彬楚楚动人感妆容,2月2日,https://www.bilibili.com/video/BV1ss4y1x7c4/,蔡秀彬楚楚动人感,清纯,少女,韩国,,
花800¥找泰国化妆师，能换头豪门千金⁉️2个小时画的妆，你觉得值吗……,2月2日,https://www.bilibili.com/video/BV1984y1V7y7/,豪门千金,高贵,姐,泰国,,
单眼皮十分钟快速明艳美女约会妆,2月3日,https://www.bilibili.com/video/BV1NG4y1U7rX/,明艳,性感,姐,,,
t,2月4日,https://www.bilibili.com/video/BV1Sx4y1j7n1/,人型电脑,甜辣,少女,,,
白开水妆容，简单易学，往下翻还有教程哦,2月4日,https://www.bilibili.com/video/BV1vd4y1n7qq/,白开水妆容,清纯,少女,,,
初春轻盈感！白开水妆容,2月8日,https://www.bilibili.com/video/BV1NT411R7Kz/,白开水妆容,清纯,少女,,,
三步掌握姬感禁欲妆，长中庭姐妹来学！,2月8日,https://www.bilibili.com/video/BV1tx4y1L7YZ/,姬感禁欲,高冷,姐,,,
禁欲系智性恋妆｜戴眼镜一定要试试！又A又清冷-狂飙高启兰,2月8日,https://www.bilibili.com/video/BV1n54y1N72N/,禁欲系、又A又清冷,高冷,姐,中国,,
比白开水还干净的妆容，美哭了！,2月8日,https://www.bilibili.com/video/BV1Y8411u7Xn/,白开水,清纯,少女,,,
日常也无压力的轻泰妆 | 浓颜立体第一眼大美女 | 泰好看啦！,2月10日,https://www.bilibili.com/video/BV1R54y1N7Fo/,浓颜立体,成熟,姐,泰国,,
稳稳拿捏 男女通吃的doll仿妆,2月10日,https://www.bilibili.com/video/BV1DD4y1A7VL/,doll仿妆,精致,其他,,,
一起来化春季感软妹妆容,2月11日,https://www.bilibili.com/video/BV1fe4y1c7x7/,软妹,可爱,少女,,,
意式风情妆｜浓郁吸睛的意式大美女妆容 立体感十足直接变人种,2月11日,https://www.bilibili.com/video/BV1q24y1W7DY/,风情,性感,姐,欧美,,
早八人伪素颜4件套，5分钟搞定干净妆容！,2月11日,https://www.bilibili.com/video/BV1cA411z76t/,伪素颜,自然,其他,,,
�明艳赴约 | 情人节灵感妆容分享 与年下适配度奇高,2月11日,https://www.bilibili.com/video/BV1Y54y1N7R1/,明艳,性感,姐,,,
黄黑皮伪素颜妆真的很有高级感！,2月11日,https://www.bilibili.com/video/BV12D4y1A7G7/,伪素颜,自然,其他,,,
普通人画意式风情妆 能变浓颜美女？,2月12日,https://www.bilibili.com/video/BV1fM4y1D7Z8/,意式风情妆、浓颜,性感,姐,欧美,,
意式风情妆 | 浓情巧克力,2月13日,https://www.bilibili.com/video/BV1ov4y1s76q/,意式风情妆 ,性感,姐,欧美,,
方圆脸秋冬-奶茶白开水妆容干干净净的奶油肌一整个纯住了！美瞳：琦洛丽Lovely黑气垫：blankme小黑盒气垫W02眉笔：花落利亚眉笔M3薄荷生,2月15日,https://www.bilibili.com/video/BV1hG4y1P7cL/,白开水妆容,清纯,少女,,,
阔面方圆脸挑战超火美式辣妹妆走进现实，翻车还是大惊艳美到路人？,2月16日,https://www.bilibili.com/video/BV1424y1s7Z7/,美式辣妹妆,甜辣,其他,欧美,,
普通人怎么抄Minji清冷女高感？显老垮脸也能美貌逆袭！,2月17日,https://www.bilibili.com/video/BV1Gb411d7i8/,Minji清冷女高感,清冷,姐,韩国,,
中性风/男生 妆容教程！手残党也能学会的快速换头法～ 日常向少年感白开水,2月18日,https://www.bilibili.com/video/BV1o84y1n7Sh/,少年感白开水,中性,其他,,,
手残党必学！3个网感化妆诀窍，又甜又辣！提升妆容精致度~,2月18日,https://www.bilibili.com/video/BV1vG4y1P71E/,网感、又甜又辣,甜辣,其他,,,
淡颜系妆容｜干净自然无负担，出门皮肤看起来很好！,2月18日,https://www.bilibili.com/video/BV1Wj411A711/,淡颜,自然,其他,,,
谁还用高光笔提亮眼头用美妆蛋上腮红膏啊？进来拿捏原生氛围感,2月18日,https://www.bilibili.com/video/BV16R4y1e7Qe/,原生,自然,其他,,,
贵气感！暖金小烟熏妆容,2月19日,https://www.bilibili.com/video/BV15b411d7vN/,贵气感,贵气,姐,,,
全哑光日常妆容干干净净的底妆搭配淡紫色系眼妆！日常又温柔～唇泥是唇颊两用的这样腮红和唇釉色系是统一的！不用想怎么搭配啦！,2月19日,https://www.bilibili.com/video/BV1nY411Y7Ue/,温柔,温柔,少女,,,
从小学鸡变校霸学姐 单眼皮丧气感妆容,2月20日,https://www.bilibili.com/video/BV1oj411A7qh/,丧气感,叛逆,其他,,,
自然光下普通人画doll感妆容能出门吗？,2月21日,https://www.bilibili.com/video/BV1KA411176Z/,doll感,精致,其他,,,
普通人如何轻松画出日系透明感妆容？,2月21日,https://www.bilibili.com/video/BV12Y411Y7rt/,日系透明感,清纯,少女,日本,,
单眼皮内双｜甜欲姐姐妆容,2月21日,https://www.bilibili.com/video/BV1TY411Y7UW/,甜欲,纯欲,少女,,,
挑战二次元妆造:画上二次元腮红我就是动漫少女 尝试不同 二次元少女 漫画脸,2月21日,https://www.bilibili.com/video/BV1sM411A7km/,漫画脸,精致,其他,,,
【Sunny】美国流行的“干净女孩/clean girl”妆容,2月22日,https://www.bilibili.com/video/BV1884y1J7ZV/,干净女孩/clean girl、美国,清纯,少女,美国,,
短圆脸｜圆脸也适配的亚裔奶欲妆（绿色眼影居然没翻车！）,2月24日,https://www.bilibili.com/video/BV1eo4y1Y7QT/,亚裔奶欲,纯欲,少女,,感觉和亚裔没关系，就是纯欲妆,
日常气质挂的淡颜纯欲妆快看啊！你快看啊！,2月24日,https://www.bilibili.com/video/BV1Ay4y1o74z/,淡颜纯欲妆,纯欲,少女,,,感觉和亚裔没关系，就是纯欲妆
我愿称之为最简单少年感日常妆！,2月25日,https://www.bilibili.com/video/BV1mv4y1e7J7/,少年感,中性,其他,,,
谁画谁美神降临！！春日芭蕾少女妆【一枝南南】,2月25日,https://www.bilibili.com/video/BV1TM4y1o7DM/,少女,少女,少女,,,
当正宗黄皮遇见日系清透蓝色眼影｜日杂仿妆,2月26日,https://www.bilibili.com/video/BV1qo4y1h72d/,日系清透,清纯,少女,日本,,
短圆脸｜圆脸天菜娇憨嫩妹妆（笨蛋美女感upup！）,2月26日,https://www.bilibili.com/video/BV1c24y1n7L2/,娇憨嫩妹妆、笨蛋美女,可爱,少女,,,
普通人尝试日杂春日粉嫩楚楚可怜妆,2月27日,https://www.bilibili.com/video/BV1624y1n787/,日杂、粉嫩楚楚可怜,清纯,少女,日本,,
和甄嬛学清冷贵气眼妆！甄嬛传爱好者要化全部的后宫佳丽555,2月28日,https://www.bilibili.com/video/BV1iL411Z7mo/,清冷贵气,高贵,姐,中国,,
KiKi's makeup｜超火的韩系清冷感小白花妆容｜看了就会,2月28日,https://www.bilibili.com/video/BV1JL411Z7Bv/,韩系清冷感小白花,清冷,姐,韩国,,
还在贴着五官无效化妆？手把手教你改动这5个C区！轻松改头换面网感！,2月28日,https://www.bilibili.com/video/BV1Gv4y1Y7Cp/,网感,精致,其他,,,
夏日清透感妆容妆容要干干净净才好看！,2月28日,https://www.bilibili.com/video/BV1Ns4y1776z/,清透感,清纯,少女,,,
低至1毛钱就能让你拥有高级干净的妆容，这些好东西你绝对意想不到！,2月28日,https://www.bilibili.com/video/BV1x24y1n7o7/,高级,高贵,姐,,,
短圆脸｜圆脸也能化的清冷厌世妆容（小松菜奈灵感妆！）,3月1日,https://www.bilibili.com/video/BV1tX4y1X7td/,清冷厌世妆容、小松菜奈,叛逆,其他,日本,,
芭蕾少女妆�很适合春天的妆容～,3月1日,https://www.bilibili.com/video/BV1dL411Z7ya/,少女,少女,少女,,,
韩国女高妆我悟了！普女4个技巧调整重心变韩妹,3月1日,https://www.bilibili.com/video/BV13s4y1L7oK/,韩国女高,清纯,少女,韩国,,
一眼心动的网感上镜妆！这谁能拒绝啊！！！,3月2日,https://www.bilibili.com/video/BV1AX4y1D79W/,网感上镜,精致,其他,,,
淡颜妆内双的天菜啊啊啊！伪素颜好美好高级，淡淡的妆感真的好有气质，早八课一整个拿捏住啦！要点：底妆清透服帖，眼妆浅色系，整体颜色统一！永远爱淡妆！,3月2日,https://www.bilibili.com/video/BV1qT411v7DC/,伪素颜、淡颜,自然,其他,,,
方圆脸化这个轻混血脏橘妆！主打就是一个美高辣妹,3月2日,https://www.bilibili.com/video/BV1CY411r7ne/,美高辣妹,甜辣,其他,欧美,,
短圆脸｜美式白开水轻混血妆容（淡颜姐妹快来学太好看了5555！）,3月3日,https://www.bilibili.com/video/BV19v4y1h7Yf/,美式白开水,甜辣,其他,欧美,,
开学开卷！手把手教你方圆脸速成韩式清透女高妆，轻松逆袭拿捏上镜氛围感！,3月3日,https://www.bilibili.com/video/BV1zT411v7Yz/,韩式清透女高妆,清纯,少女,韩国,,
粤港美校美妆作品欣赏·甜美日系风格妆容,3月3日,https://www.bilibili.com/video/BV1sg4y1E7UA/,甜美日系,可爱,少女,日本,,
【封封】初春清透日常妆,3月3日,https://www.bilibili.com/video/BV1824y1t796/,清透,清纯,少女,,,
大变活人版妆造！吉赛尔究竟做了什么？普通人快来抄！！淡妆也能一秒小脸，变身贵气大小姐的女团妆！,3月4日,https://www.bilibili.com/video/BV1224y1874j/,贵气大小姐,贵气,姐,韩国,,
春天妆容 清爽干净,3月4日,https://www.bilibili.com/video/BV1Sj411g72j/,清爽,清纯,少女,,,
短圆脸｜春日郁金香芭蕾少女妆容（谁画谁甜！）,3月5日,https://www.bilibili.com/video/BV1Zs4y1L7ht/,甜、少女,可爱,少女,,,
日常又漫画的慵懒法式小猫妆，网感拿捏,3月5日,https://www.bilibili.com/video/BV1ST411Y7d8/,漫画、网感,精致,其他,欧美,,
妆容分享｜春季限定眼影盘干净高级氛围感！！,3月6日,https://www.bilibili.com/video/BV1924y137dE/,高级,高贵,姐,,,
【唐毅】淡颜女生妆容天菜！超甜的乌梅子酱妆！,3月7日,https://www.bilibili.com/video/BV1RX4y1D7h4/,甜,可爱,少女,,,
,,,,,,,,
,,,,,,,,
,,,,,,,,
,,,,,,,,
,,,,,,,,
,,,,,,,,
,,,,,,,,
,,,,,,,,
,,,,,,,,
,,,,,,,,
,,,,,,,,
,,,,,,,,
,,,,,,,,
,,,,,,,,
,,,,,,,,
